Id,black,dup,noisy
diZi5g,False,False,False
u7w0lr,False,False,False
2vqGOF,False,False,False
kSE41E,False,False,False
oO5UVE,False,False,False
yMg9ew,False,False,False
Qrt4Ax,False,False,False
WIiRD7,False,False,False
9rOtnD,False,False,False
26W9oD,False,False,False
FIE67H,False,False,False
WTHZva,False,False,False
xz5ZGp,False,False,False
2qEbuk,False,False,False
bmnOkL,False,False,False
qHYE4w,False,False,False
GgHf6s,False,False,False
wQMMKq,False,False,False
DibTY4,False,False,False
qxdBAf,False,False,False
cpyXWh,False,False,False
cf5xEW,False,False,False
3M8DjI,False,False,False
CMIj0Q,True,True,True
mTu2ny,False,False,False
G7f4Ng,False,False,False
VLCYMp,True,False,True
g7LApw,False,False,False
1IidFS,False,False,False
9Nu9fV,False,False,False
Z5CEoQ,False,False,False
fjPj1X,False,False,False
Em0ZDe,False,False,False
xDFSmc,False,False,False
SBZU2R,False,False,False
ktHRRF,False,False,False
P1VeAR,False,False,False
EvEoFH,False,False,False
Z6smZn,False,False,False
AU3hmv,False,False,False
iarnUB,False,False,False
eFI7Dm,False,False,False
xBQcej,False,False,False
8vmc9D,False,False,False
W7He1L,False,False,False
XWNJtt,False,False,False
ANpGJS,False,False,False
aP9rAk,False,False,False
fEB8Dh,False,False,False
qGB7Q1,False,False,False
EVpLCw,False,False,False
6rszZh,False,False,False
izUibZ,False,False,False
uTs3TG,False,False,False
oZiRhu,False,False,False
Iqjrcq,False,False,False
jjJ1tZ,False,False,False
rBFRc5,False,False,False
QHanoL,False,False,False
xPRZhf,False,False,False
f2jeRS,False,False,False
Ce5VKe,False,False,False
uqTRf6,False,False,False
NwCeow,False,False,False
2zQe3l,False,False,False
6mUCZ2,False,False,False
meAw7m,False,False,False
WcPMMw,False,False,False
pHVB9w,False,False,False
Cx8iMT,False,False,False
wMDNGL,False,False,False
YcClSX,False,False,False
l7Ly1S,False,False,False
ernmJh,False,False,False
KNEVxq,False,False,False
pCkB97,True,False,True
N5Salg,False,False,False
5uG1N4,False,False,False
fIfHIZ,False,False,False
tqfeMq,False,False,False
R03j1I,False,False,False
FTZSuh,False,False,False
00Qi46,False,False,False
a7gYul,False,False,False
erhyoO,False,False,False
ae2D1I,False,False,False
MynPT4,False,False,False
f4bbP6,False,False,False
s1TaKr,False,False,False
lSWEye,False,False,False
gerbBA,False,False,False
VCDLdh,False,False,False
S1JUrJ,False,False,False
YGB5ZA,False,False,False
CJewAZ,False,False,False
nqDmfJ,False,False,False
HKkw65,False,False,False
BvKXHK,False,False,False
T5uWL6,False,False,False
0MVV7S,False,False,False
90KoHt,False,False,False
BagFnq,False,False,False
fMfdLR,False,False,False
5xGTtT,False,False,False
g6dxLb,False,False,False
uw0oa4,True,False,True
bKsROE,False,False,False
dvak66,False,False,False
zZ6ACe,False,False,False
jnFkzB,False,False,False
dO8WQV,False,False,False
5bP5zg,False,False,False
WCVLSb,False,False,False
wj9uSW,False,False,False
gG5XeX,False,False,False
4r35bk,False,False,False
YlMowU,False,False,False
Ht1HXe,False,False,False
7TL3d1,False,True,True
U6KSIF,False,False,False
62jKSY,False,False,False
nP1I5r,False,False,False
gCnK33,False,False,False
nVlkak,False,False,False
8n5MQI,False,False,False
Dd7yrP,False,False,False
AnBwLR,False,False,False
08lcer,False,False,False
wIp0Hv,False,False,False
X51zKg,False,False,False
WGIQOX,False,False,False
8cjTvT,False,False,False
afBztG,False,False,False
G2J9QY,False,False,False
iRCHho,False,False,False
9XPorm,False,False,False
XtxRV5,False,False,False
aR55Zg,False,False,False
Da4oiX,False,False,False
kenOcN,False,False,False
jdZWDW,False,False,False
J2HaNt,False,False,False
7rCPdX,False,False,False
MjIq4T,False,False,False
edRNnL,False,False,False
EHuRAQ,False,False,False
JvWpVm,False,False,False
3WMX9w,False,False,False
JlyGot,False,False,False
SfEwzq,False,False,False
mx5J23,False,False,False
FwKGit,False,False,False
fKdVuo,False,False,False
mpS1qi,False,False,False
WPLzrR,False,False,False
ZnhNFn,False,False,False
q2cDTN,False,False,False
tJkie6,True,False,True
rwA3QD,True,False,True
Whkm0k,False,False,False
MuH6b3,False,False,False
d0OCLq,False,False,False
s7Mslr,False,False,False
DDhuRc,False,False,False
YX2UwJ,False,False,False
kfQC3J,False,False,False
LWILGY,False,False,False
SSUeI4,False,False,False
g1RrAB,False,False,False
G4eptB,False,False,False
5ZSVIt,False,False,False
zGJOql,True,False,True
FZjJOc,False,False,False
kNuWgJ,False,False,False
nYxJjH,False,False,False
op9omO,False,False,False
9MbU9l,False,False,False
6oGIJG,False,False,False
oopcVx,False,False,False
1RtKJe,False,True,True
kainxd,False,False,False
aMBEeX,False,False,False
uyvfjO,False,False,False
0VgANu,False,False,False
KGZ9in,False,False,False
wSUUO2,False,False,False
TkbFKk,False,False,False
NLFyVM,False,False,False
fYXUH3,False,False,False
wlT64l,False,False,False
9PMwxO,False,False,False
8oen7b,False,False,False
OKdGUL,False,False,False
87ush6,False,False,False
N5eMP1,False,False,False
o2AxsT,False,False,False
yksWiO,False,False,False
InbfpO,False,False,False
fEmP3D,False,False,False
g9UoFl,False,False,False
V9nQ7x,False,False,False
iACyDZ,False,False,False
4XWGip,False,False,False
Rpu9nS,False,False,False
h27RTf,False,False,False
KknlkH,False,False,False
SY8naP,False,False,False
HGc1gC,False,False,False
qT4eTt,False,False,False
vcj2v4,False,False,False
aXzaFk,False,False,False
d0kdfH,False,False,False
Fld1NP,False,False,False
wR3JYC,False,False,False
uVFBKD,False,False,False
8HH8J7,False,False,False
w16uw7,False,False,False
Y6lsMz,False,False,False
bb9VRa,False,False,False
mrheiz,False,False,False
aXU0Cc,False,False,False
oHe3IX,False,False,False
KEYMbe,False,False,False
jgivtP,False,False,False
VymSlN,False,False,False
VoBdjF,False,False,False
OzTbHT,False,False,False
BeU3Ae,False,False,False
TZSGD9,False,False,False
N3n109,False,False,False
TBCnTy,False,False,False
ylU8n7,False,False,False
ffiDf1,False,False,False
FcHXhA,False,False,False
yBhSAf,False,False,False
A3zcqS,False,False,False
RRXZKu,False,False,False
YxblMm,False,False,False
D9wfan,False,False,False
unqUYq,False,False,False
3ZBNPR,False,False,False
kQ5JVB,False,False,False
mVEPOP,False,False,False
IkGcsb,False,False,False
iuytZv,True,False,True
IVgZKZ,False,False,False
FGXdAk,False,False,False
Yv1n49,False,False,False
vD1NJD,False,False,False
TiFHpx,False,False,False
joWKjc,False,False,False
LXgcsE,False,False,False
Eac4Jk,False,False,False
ZO5hHJ,False,False,False
1tTAio,False,False,False
LzCOJT,False,False,False
v0eryt,False,False,False
KNt042,False,False,False
VGiFKb,False,False,False
ycSWN7,False,False,False
HbxVgx,False,False,False
vWpZvB,False,False,False
wnDqMm,False,False,False
RKz7GZ,True,True,True
ALlVu0,False,False,False
PxcQEr,False,False,False
YQK1CL,False,False,False
Sq803M,False,False,False
L21vTP,False,False,False
rXxCCr,False,False,False
cyZWOr,False,False,False
2Fz3lI,False,True,True
2Xi7WP,False,False,False
EFQC5X,False,False,False
jYoUnm,False,False,False
01tbp8,False,False,False
ehvgnk,False,False,False
Rzdkco,False,False,False
vKBYZX,False,False,False
WAvyvi,False,False,False
UDUZvx,False,False,False
cFQZhh,False,False,False
e0BwRh,False,False,False
m2m8Nx,False,False,False
eiGA5E,False,False,False
5L5iU9,False,False,False
JhMxQi,False,False,False
B3HJ22,False,False,False
BYkTS1,False,False,False
APhinm,False,False,False
3Ii5HO,False,False,False
8PfELy,False,False,False
U15ZSM,False,False,False
qLi1oX,False,False,False
h3lwhC,False,False,False
4uk9YW,False,False,False
PGP1JD,False,False,False
2koYk3,False,False,False
rkfOpd,False,False,False
RS2vmt,False,True,True
lyXtSi,False,False,False
qVz2H6,False,False,False
i00J9G,True,False,True
sa1eva,False,False,False
VqKfGo,False,False,False
WBggDi,False,False,False
SrJZpV,False,False,False
Z26bsX,False,False,False
oZdBlL,False,False,False
ODwl7k,False,False,False
wCbwPl,False,False,False
Wymfvo,False,False,False
jQYGVT,False,False,False
J76glE,False,False,False
ylo2yv,False,False,False
Ubpbu9,False,False,False
GLj11Y,False,True,True
VBpmC2,True,False,True
RMtzAf,False,False,False
RPhbo6,False,False,False
GwHyI3,False,False,False
UJxmDR,False,False,False
o3saxe,False,False,False
MacaAb,False,False,False
vKGSbp,True,False,True
5CJygE,False,False,False
g93QAq,False,False,False
6fkKw7,False,False,False
dc7u34,False,False,False
Zm0AtB,False,False,False
dyYCLY,False,False,False
bMxfan,False,False,False
RUCUKW,False,False,False
wsPFFS,False,True,True
8VCyxM,False,False,False
lP923E,False,False,False
NrhLrn,False,False,False
qzL6iK,False,False,False
EZHmE4,False,False,False
d4kgbX,False,False,False
lDzXlG,False,False,False
yB87HA,False,False,False
CSnuPh,False,False,False
bZNI9Y,False,False,False
sVeX2h,False,False,False
jQ2I7a,False,False,False
RbZywd,False,False,False
PXzQRA,False,False,False
5UllUx,False,False,False
nd1dDa,False,False,False
OSjqsI,False,False,False
GiFCg6,False,False,False
INeeQM,False,False,False
x18WUy,False,False,False
Mib78e,False,False,False
quIPlt,False,False,False
jU7a0y,False,False,False
vlREki,False,False,False
LFXbFA,False,False,False
sWoKjK,False,False,False
KLSXPN,False,False,False
RDubAZ,False,False,False
GiIoJt,False,False,False
0g5qOU,False,True,True
dkMSq6,False,False,False
bRt17N,False,False,False
AGi04h,False,False,False
Bcu5Dd,False,False,False
FEhcsj,False,False,False
9OkhTp,True,True,True
hS3Nth,False,False,False
s9eW2E,False,False,False
DurcYx,False,False,False
eEx31z,False,False,False
26c2MG,False,False,False
ODSP72,False,False,False
4TGJsM,False,False,False
c3YllF,False,False,False
5RmnHq,False,False,False
HznhUX,False,False,False
FXjubw,False,False,False
COfcRg,False,False,False
MIQDfB,False,False,False
oypvTx,False,False,False
0E8q48,False,False,False
X93SWP,False,False,False
sXR586,True,False,True
EoCdSG,True,False,True
51GUPp,False,False,False
vjMzTp,False,False,False
C6cS5T,False,False,False
TxeeWF,False,False,False
fc9Owu,True,False,True
xDwnP1,False,False,False
ue3jXm,False,False,False
W1UnWM,False,False,False
kfQ7yd,False,False,False
1yx2k0,False,False,False
1AyyPt,False,False,False
d54mCK,False,False,False
H5D9KB,False,False,False
Hao1TO,False,False,False
BR8pbk,False,False,False
fpjva5,False,False,False
tIZ9uZ,False,False,False
20i38I,False,False,False
Z4niTv,False,False,False
MeuJJA,False,False,False
lb7Ahz,False,False,False
uuXfbf,False,True,True
YAZuZW,False,False,False
0lCD1I,False,False,False
1ahxun,False,False,False
HREFAh,False,False,False
l4g6QC,False,False,False
UqgGEn,False,False,False
skO5aA,False,False,False
3HlkP8,False,False,False
4fMVnC,False,False,False
gWyXHL,False,False,False
lrdixX,False,False,False
6H5CZ7,False,False,False
OREE5s,False,False,False
L0KgEH,False,False,False
HBfijS,False,False,False
CUp1Or,False,False,False
7WR037,False,False,False
C25PVe,True,True,True
hYsF5J,False,False,False
1SkXyE,False,False,False
lzUevU,False,False,False
05AFoR,False,False,False
8RQArf,False,False,False
Go4eTW,False,False,False
KAPWHC,False,False,False
epYS97,False,False,False
0SkkYa,False,False,False
sBygKu,False,False,False
kUsoeG,False,False,False
tvvZkB,False,False,False
MbaxdG,False,False,False
Fi0ME0,False,False,False
BIInjF,False,False,False
aaxYEa,False,False,False
Rw3Qq7,False,False,False
awKWAC,False,False,False
jOmp04,False,False,False
UZQ3ei,False,False,False
AEq49f,False,False,False
axNbDZ,False,False,False
hyqhRD,False,False,False
nhevKU,False,False,False
khhRwQ,False,False,False
QWZL1h,False,False,False
U3eK2G,False,False,False
93FAqn,False,False,False
sHyIwY,False,False,False
HDYzkT,True,False,True
N2gAK6,False,False,False
9MyKiw,False,False,False
GAhtD0,False,False,False
Bocelv,False,False,False
dEMdmU,False,False,False
iPIUXQ,False,False,False
qyEgSt,False,False,False
bc7lD2,False,False,False
jgC5PW,False,False,False
q8LoQd,False,False,False
UiB529,False,False,False
z3vgnJ,False,False,False
AMVWY9,False,False,False
nEA5IK,False,False,False
hK6reY,False,False,False
3yKoYW,False,False,False
yK1RiW,False,False,False
jlkxsZ,False,False,False
7gCbf9,False,False,False
2YEaJT,False,False,False
iqwzbc,False,False,False
8BAYxr,False,False,False
AAjydM,False,False,False
yRuDzp,False,False,False
4KQGpJ,False,False,False
Ppsko6,False,False,False
eOWeak,False,False,False
GVLbtM,False,False,False
9opzg1,False,False,False
LEgh5D,False,False,False
KOD8WL,False,False,False
BEIX3m,False,False,False
EAkI4e,False,False,False
Go6mHe,False,False,False
WB1Yyx,False,False,False
kIcfQM,False,False,False
vs7Th0,False,False,False
zKBaN1,False,False,False
gGELfA,False,False,False
SkZSxw,False,False,False
cxHRVn,False,False,False
Ktj84C,False,False,False
TTfueZ,False,False,False
jSSChv,False,False,False
hCYBm1,False,False,False
F4ArMw,False,False,False
ULi1ms,False,False,False
9vaEKM,False,False,False
yYuGgC,False,False,False
wzr2tH,False,False,False
Dqv5YN,False,False,False
HiPvOH,False,False,False
M9yL6E,False,False,False
HRCMzu,False,False,False
M95Mu2,False,False,False
T3u2D2,False,False,False
8fIaFH,False,False,False
EAwuzz,False,False,False
wGHOSN,False,False,False
5qITby,False,False,False
Nm1Av1,False,False,False
INSlg7,False,False,False
hIvwqc,False,False,False
Kw5YEK,False,False,False
GFn5kX,False,False,False
0OmWVr,False,False,False
4zBSYK,False,False,False
sZgnCu,False,False,False
4oSaML,False,False,False
zXB6b7,False,False,False
gFYdXQ,False,False,False
weJd0r,False,False,False
tKUEMA,False,False,False
OHYysh,False,False,False
HdivSt,True,True,True
qC4ysW,False,False,False
bZcSU5,False,False,False
Rjk4NV,False,False,False
2c4aEs,False,False,False
b0IVMo,False,False,False
mToMTo,False,False,False
bV4mlW,False,False,False
GsXybM,False,False,False
4ImcQk,False,False,False
4momun,False,False,False
9yNAYu,False,False,False
qwntDA,False,False,False
5rihCT,False,False,False
eyIrIY,False,False,False
ZGZv0D,False,False,False
3mGuPB,False,False,False
jm8nVl,False,False,False
uh9gLf,False,False,False
ELxyb0,False,False,False
d38ICK,False,False,False
eWKqRp,False,False,False
678e4w,False,False,False
fLg34x,False,False,False
GkX3SM,False,False,False
Z5xUq5,False,False,False
Hj9hd0,False,False,False
WBtJqv,False,False,False
jSXWqt,False,False,False
op27Hc,False,False,False
03ND7N,False,False,False
kbMmH2,False,False,False
7sATHd,False,False,False
IAQcZQ,False,False,False
SJAvwh,False,False,False
1PSjxy,False,False,False
bq1dA9,False,False,False
eh49rM,False,False,False
SA8HtK,False,False,False
IWk3pp,False,False,False
yXlm97,False,False,False
dNNK6X,False,False,False
mhNP1X,False,False,False
W5FlgK,False,True,True
ZcZKs4,False,False,False
NEYexM,False,False,False
7cqFnz,False,False,False
TfuLAP,False,False,False
Ciwpe1,False,False,False
p6ClSq,False,False,False
MQwOVV,False,False,False
iTYCGW,False,False,False
3aftv1,False,False,False
8SovV7,False,False,False
1OWTfc,False,False,False
fZaoQw,False,False,False
jGXEG5,False,False,False
6oHD7F,False,False,False
nJwv9f,False,False,False
LvtFxl,False,False,False
IHDX3C,False,False,False
uJK6uQ,False,False,False
R5hnsP,False,False,False
AmqPuQ,False,True,True
sOydcR,False,False,False
MpEVxP,False,False,False
iC3doj,False,False,False
RyJyH3,False,False,False
2oHeym,False,False,False
gbgkYb,False,False,False
waX0E5,False,False,False
dA0n2s,False,False,False
GcMR5O,False,False,False
0VCeOb,False,False,False
X35Jel,False,False,False
KeaBzO,False,False,False
rgoDpW,False,False,False
4P74pL,False,False,False
96NfXn,False,False,False
7nVIdL,False,False,False
KUL9V5,False,False,False
KpRw7L,False,False,False
dWGcTp,False,False,False
WJsCsA,False,False,False
zAPAtM,False,False,False
LyDZh1,False,True,True
ZxEv7U,False,False,False
WKQviD,False,False,False
k8HpDe,False,False,False
hJNZWd,False,False,False
2wiivl,False,False,False
fKbHF9,False,False,False
2EaqeB,False,False,False
OMhrg5,False,False,False
gaHXJ6,False,False,False
yhhDr8,False,False,False
Y0oqpL,False,False,False
YqAPRQ,False,False,False
pYLTYE,True,False,True
06JaJN,False,False,False
vesYu3,False,False,False
1IWB3w,False,False,False
YBG0mE,False,True,True
t3wZfc,False,False,False
brz0oX,False,False,False
Uj2j8U,False,False,False
wAtZ1b,False,False,False
VuoOEJ,False,True,True
5DeIDu,False,False,False
B7tb0e,False,False,False
za9y2l,False,False,False
DGihpd,False,False,False
ToHvmz,False,False,False
fi0Ipu,False,False,False
GehYxe,False,False,False
YSUzBN,False,False,False
3wUeSG,False,False,False
sSlfFu,False,False,False
rzc2q5,True,False,True
EZwt5N,False,False,False
Hv60YA,False,False,False
Hohhn8,False,False,False
MsAGh4,False,False,False
tyJLs4,False,False,False
tsJEWT,False,False,False
i0kBZr,False,False,False
judsMZ,False,False,False
vxeiCj,True,False,True
pRTpAP,False,False,False
eoQAoy,False,False,False
6xQCVJ,False,False,False
VnzFjE,False,False,False
naWBhj,False,False,False
ERSgo5,False,False,False
ZaZRNo,False,False,False
rG1cy4,False,False,False
a2BCBQ,False,False,False
LXiVdb,False,False,False
aTOWmB,False,False,False
jWEJYy,False,False,False
lWLjQ7,False,False,False
0InCYD,False,False,False
eCZtLj,False,False,False
ePWXXI,False,False,False
XB8WCY,False,True,True
740Bup,False,False,False
akojY2,False,False,False
LLU6NS,True,False,True
b88ctq,False,False,False
RXf34E,False,False,False
GNPJeW,False,False,False
znxzO0,False,False,False
upqO2O,False,False,False
myfr7p,False,False,False
5aCe8r,False,False,False
kpjEBP,False,False,False
ZtsOcs,False,False,False
uU848Z,False,False,False
rgWI2p,False,False,False
EbzsmW,False,False,False
h8wlMy,False,False,False
YeXZhm,False,False,False
YBAaq1,False,False,False
SpyiRg,False,False,False
wQeE6s,False,False,False
oBtNq0,False,False,False
VVvzoc,False,False,False
TbDjh5,False,False,False
Atag53,False,True,True
ZenG6k,False,False,False
xukvYg,False,False,False
maahdP,False,False,False
TSrFtC,False,False,False
EIjAaJ,False,False,False
ytzlzi,False,False,False
XApo1C,False,False,False
okUMjC,False,False,False
OeDwWR,False,False,False
I5nwN2,False,False,False
iUpLBz,False,False,False
ChysVq,False,False,False
pgTYhI,False,False,False
MNjaYH,False,False,False
dwiSIC,False,False,False
xm4qfk,False,False,False
G6Qzko,False,False,False
uCUwRr,False,False,False
8qopTk,False,False,False
U9N0L1,False,False,False
p5awQs,False,False,False
iMbGE7,False,False,False
jcZPAf,False,False,False
8zYjpj,False,False,False
WL7Wux,False,False,False
xGVxtR,False,False,False
gXs922,False,False,False
awK36H,False,False,False
WY3E3U,False,False,False
UTmujC,False,False,False
HvyHiv,False,False,False
s9QE0B,False,False,False
jzJeBj,False,False,False
mPBM05,False,False,False
yjR5o2,False,False,False
HzolcF,False,False,False
6Nahee,False,True,True
Tft9nY,True,True,True
n9WZ5v,False,False,False
V6S2Ky,False,False,False
AOwNoG,False,False,False
AxDmHs,False,False,False
nhxXKr,False,False,False
z8KdbL,False,False,False
pQcO50,False,False,False
WK4Uam,False,False,False
PAHJB7,False,False,False
BmqcGY,False,False,False
jDyMGq,False,False,False
9Wdb8m,False,False,False
izEUa2,False,False,False
N2kOwE,False,False,False
KOBpOR,True,True,True
uMpxkI,True,False,True
YYyHOL,False,False,False
93VKaE,False,False,False
WiYsuH,True,True,True
d4Ss3V,False,False,False
yBn0Uf,False,False,False
LM6hVf,False,False,False
eIKbXE,False,False,False
Me6j5y,False,False,False
g6MM2L,False,False,False
bAdHGN,False,False,False
mOs6kD,False,False,False
sAZG7g,False,True,True
jgs1KP,False,False,False
cROadH,False,False,False
XGrfcQ,False,False,False
UwKoCL,False,False,False
o59y4Q,False,False,False
A2CNts,False,False,False
6ZYEyE,False,False,False
erstJp,False,False,False
nG3v0k,False,False,False
7jdXcZ,False,False,False
zxnkQD,False,False,False
CuX8I5,False,False,False
hlEjpa,False,False,False
20FeId,False,False,False
K86Ekc,False,False,False
N0NWmI,False,False,False
0UT3jk,False,False,False
h2hiK9,False,False,False
GVqGG1,False,False,False
VuxKrw,False,False,False
1MbvBr,False,False,False
BtMsMf,False,False,False
ylx0Wx,False,False,False
FSTCtf,False,False,False
DQJ6ZQ,False,False,False
q5JGTU,False,False,False
6mQK2t,False,False,False
dHgq39,False,True,True
cptRBv,False,False,False
S2DElu,False,False,False
qybkyq,False,False,False
stR66i,False,False,False
irAWhq,False,False,False
4RgOBL,False,False,False
jy4l0k,False,False,False
OwM7hf,False,False,False
EKY5M0,False,False,False
NU76Fi,False,False,False
2TduU9,False,False,False
48TvgT,False,False,False
zUIVzx,False,False,False
W3e6mb,False,False,False
ntm7ZF,False,False,False
NdlSXJ,False,False,False
Soyt9k,False,False,False
wfnQdA,False,False,False
G3R765,False,False,False
6vdSRs,False,False,False
ZtblAe,True,True,True
EkW517,False,False,False
FZDZNw,False,False,False
WvPpVR,False,False,False
r8VoKs,False,False,False
wabEWc,True,False,True
7fKyUb,False,False,False
oFbOMy,False,False,False
z7LvhT,False,False,False
v6jdUf,True,False,True
04eUIC,False,False,False
K3XeAD,False,False,False
qaUZtI,False,False,False
VeyDcF,False,False,False
jF7q3d,False,False,False
0c1dby,False,False,False
PxumAg,False,False,False
5FDVen,False,False,False
jBkt9l,False,False,False
M3ImVU,False,False,False
iifpV9,False,False,False
hq5s5K,False,False,False
qgoT9T,False,False,False
EWKMuk,False,False,False
Mk1uwW,True,True,True
r8ajA3,False,False,False
VlcLtX,False,False,False
VHmM74,False,False,False
2hJuIU,False,False,False
hI8PO9,False,True,True
6jclO0,False,False,False
uknVMQ,False,False,False
SE2BP3,False,False,False
10AvNV,False,False,False
MJuI3k,False,False,False
exSoHv,False,False,False
u7o8GC,False,False,False
tF0kEP,False,False,False
FKufLD,False,False,False
lzfNT2,False,False,False
GXO8eZ,False,False,False
i5CK6g,False,False,False
2sn64O,False,False,False
pEiAe2,False,False,False
yOGdXA,False,False,False
rwhcqO,False,False,False
wU2EOM,False,False,False
0KOAox,False,False,False
lk0fTq,False,False,False
PLqot7,False,False,False
050Y7Q,False,False,False
qA8aos,False,False,False
jDyyYP,False,False,False
7LHYK0,False,False,False
7Xq51V,False,False,False
NibZDi,False,False,False
56RhTV,False,False,False
xHtJqt,False,False,False
3cGqNX,False,False,False
pgsHR9,False,False,False
XUadfW,False,False,False
eABQpW,False,False,False
ZSH7Qr,False,False,False
0ALXuv,False,False,False
GLGceb,False,False,False
Lhl72D,False,False,False
tRsAOf,False,False,False
0pzoUo,False,False,False
esMTd3,False,False,False
21uILf,False,False,False
UeqYig,False,False,False
Gqxc7S,False,False,False
hN6NPw,False,False,False
rA2UHo,False,False,False
VS9zgg,False,False,False
3xt2mD,False,False,False
7tPPkU,False,False,False
VCUBWD,False,False,False
KiOcQq,False,False,False
fL0ScI,False,False,False
5vyOaV,False,False,False
4KEKNs,False,False,False
wG21In,False,False,False
zI4pep,False,False,False
DuDila,False,False,False
P3wtoh,False,False,False
8ZyJNS,False,False,False
7DAOYI,False,False,False
LVOSrj,False,False,False
OrxeI7,False,False,False
xTTSmy,False,False,False
wQRbwd,False,False,False
NPpQn4,False,False,False
iTukuS,False,False,False
vQmwnY,False,False,False
embSNa,True,False,True
QJi49u,False,False,False
ZPjlll,False,False,False
mALGQZ,False,False,False
AHmNW7,False,False,False
RJXcoK,False,False,False
K9RKNl,False,False,False
F84SDO,False,False,False
y7bSkX,False,False,False
13jJqJ,False,False,False
7neMRS,False,False,False
mhYpbs,False,False,False
rhuYqm,False,False,False
CRLbmr,False,False,False
1v2XtT,False,True,True
yP3vMw,False,False,False
FH27Wg,False,True,True
cJFuwq,False,False,False
Xg1OYI,False,False,False
iW5CpG,False,False,False
mtVjx7,False,False,False
esXIfQ,False,False,False
jIiF5l,False,False,False
ZCKram,False,False,False
M42MJx,False,False,False
mhqsJz,False,False,False
lMiWL8,False,False,False
Vc1bdi,False,False,False
FakI0G,False,False,False
NlLTgT,False,False,False
7PgP3u,False,False,False
ILIKZr,False,False,False
X6aj1k,False,False,False
aCO0UW,False,False,False
SYBYh1,False,False,False
jWDNcV,False,False,False
qwa5mj,False,False,False
nRU6dN,False,False,False
zg48Dp,False,False,False
mlJ36l,False,False,False
wvy6eX,False,False,False
bp2Z9B,False,False,False
kSIG6q,False,False,False
SEhyRp,False,False,False
HGJkXE,False,False,False
b6voP5,False,False,False
QuY2aG,False,False,False
j1VE3k,False,False,False
HIAqoL,False,False,False
GqTeco,False,False,False
itHOvc,False,False,False
qTPWRh,False,False,False
UeZywn,False,False,False
c0g99i,False,False,False
hCZ6YZ,False,False,False
gpUZYU,False,False,False
2qNmvi,False,False,False
AEauNz,False,False,False
jL78fX,False,False,False
yIVFOH,False,False,False
AcuLSh,False,True,True
1hrmhl,False,False,False
qJJLm3,False,False,False
SpR3oV,True,False,True
hRDsuL,False,False,False
rf31sB,False,False,False
ewoDTd,False,False,False
mlD8kl,False,False,False
SsVcZl,False,False,False
qHPgAF,False,False,False
SHsVl0,False,False,False
Ez3ftd,False,False,False
vFUMVX,False,False,False
NWpkD9,False,False,False
YyrbKs,False,False,False
bTNiLT,False,False,False
6gNNbF,False,False,False
hamZ0o,False,False,False
0FKinS,False,False,False
OATH0G,False,False,False
eKxe0N,False,False,False
vkx7JU,False,False,False
ZHXVVi,False,False,False
jzPEj3,False,False,False
jbzCFT,False,False,False
3Cts6Z,False,False,False
l6xTl8,False,False,False
8E8TuE,False,False,False
zzFICt,False,False,False
v9Vies,False,False,False
9VhZSr,False,False,False
YZL3Pd,False,False,False
JqutMU,False,False,False
lRxj4g,False,False,False
UtigxF,False,False,False
9AIcdP,True,False,True
qvI0am,False,False,False
iQzW2m,False,False,False
6txzuG,False,False,False
3DVo0g,False,False,False
UmEeEZ,False,False,False
pQLml7,False,False,False
pGhF7L,False,False,False
UjDhXo,False,True,True
npOo8z,False,False,False
wx8C6Z,False,False,False
3p7bGf,False,False,False
khP1iy,False,False,False
hQsO4w,False,False,False
qw4LCQ,False,False,False
r1eqZM,False,False,False
Ithvng,False,False,False
BIU7l7,False,False,False
xWOruT,False,False,False
hAS3CA,False,False,False
OJol3D,False,False,False
CG3Ws7,False,False,False
Jzt2md,False,False,False
V76n75,False,False,False
9UKotH,False,False,False
Ki4aHR,False,False,False
RsBGKo,False,False,False
spehuD,False,False,False
STb51I,False,False,False
D6lmit,False,False,False
bprRJm,False,False,False
shXN6L,False,False,False
C8IzNT,False,False,False
1T7HPC,False,False,False
UflgxE,False,False,False
YjDHqf,False,False,False
xcOvRh,False,False,False
o4RTTV,False,False,False
N1LviI,False,False,False
xgc58m,False,False,False
71Hhrp,False,False,False
PhEg2p,False,False,False
TYJ9Li,False,False,False
vNjKOX,False,False,False
tZMkYF,False,False,False
JvHf2H,False,False,False
jjhfRk,False,False,False
noCgTh,False,False,False
ZYQr4G,False,False,False
DYvpJZ,False,False,False
PPSO8E,False,False,False
G0go9V,False,False,False
0JWCf7,False,False,False
SrBVNm,False,False,False
Cx3yNd,False,False,False
nFqMQe,False,False,False
3D6vm9,False,False,False
ehZlah,False,False,False
zhSKze,False,False,False
3ELGE0,False,False,False
MLvnLh,False,False,False
z2VMoC,False,False,False
qVBLrh,False,False,False
SmeZQO,False,False,False
YFqOpZ,False,False,False
FMuJYU,False,False,False
fcARdp,False,False,False
V6GBIH,False,False,False
p5H8l9,False,False,False
2OPI31,False,False,False
8YQyd3,False,False,False
tnl4nu,False,False,False
dHFAQP,False,False,False
6wSbd6,False,False,False
GenVYJ,False,False,False
cv8Pg8,False,False,False
7GpdiG,False,False,False
YAyWMz,False,False,False
8XNTyT,False,True,True
JdtmIF,False,False,False
BMCK1D,False,False,False
YjFqcl,False,False,False
iVnK20,False,False,False
Qmzywy,False,False,False
BuscEt,False,False,False
WDkNBQ,False,False,False
pFRCNm,False,False,False
g4maiy,False,False,False
RpNWxx,False,False,False
gc53pF,False,False,False
TH89NC,False,False,False
SKPzXe,False,False,False
z4bfCg,False,False,False
Ge3ITv,False,False,False
MULcc7,False,False,False
IVKaGr,False,False,False
JckROA,False,False,False
AVOqjN,False,False,False
eoj5v8,False,False,False
M1Zajy,False,False,False
soxvXm,True,False,True
2DIH7G,False,False,False
cFfb1v,False,False,False
vOi1mC,False,False,False
uHNKr0,False,False,False
0KIu5B,False,False,False
NLVdmN,False,False,False
CsznHj,True,True,True
cXS446,False,False,False
sbEGHm,False,False,False
e1dDUU,False,False,False
tHhlDw,False,False,False
BanS3L,False,False,False
Hm0LNI,False,False,False
hhaZ12,False,False,False
RYMfc3,True,True,True
QIzO6u,False,False,False
JFqOOR,False,False,False
vKtkzf,False,False,False
Jo3yGU,False,False,False
q25juj,False,False,False
cWguES,False,False,False
5u3UNd,False,False,False
Rs40CJ,False,False,False
HDcSUv,False,False,False
cNYDIE,False,False,False
Y6RDsN,False,False,False
eAfPwm,False,False,False
ohYvkz,False,False,False
m5Iisd,False,False,False
Mf9tg3,False,False,False
rx2Kp0,False,False,False
55xcW1,False,False,False
viknQf,False,True,True
qAyLAg,False,False,False
bqCvyQ,False,False,False
WuSWL4,False,False,False
RoMu6P,False,False,False
xcWKyP,False,False,False
MxpPxI,False,False,False
izB9hG,False,False,False
9oOed3,False,False,False
YgNQPI,False,False,False
lUAvRP,False,False,False
rRyqT9,False,False,False
gpLxe8,False,False,False
fpUT5v,False,False,False
X6U6bo,False,False,False
0wiUEb,False,False,False
YKSUbg,False,False,False
F6jaK1,False,False,False
mnYFlF,False,False,False
mAGrw6,False,False,False
HXjZ9P,False,False,False
RCBQCe,False,False,False
jZIG50,False,False,False
OG2cNm,False,False,False
pJU05v,False,False,False
vYQXJL,False,False,False
ZqZBfJ,True,True,True
AfCMhB,False,False,False
tSJDNG,False,False,False
hvVxXx,False,False,False
dnQDLt,False,False,False
JdY6iE,False,False,False
jbmxQU,False,False,False
go4xXY,False,False,False
MJNBT4,False,False,False
ZB3PBz,False,False,False
kDcOFZ,False,True,True
D8MpMn,False,False,False
gaP7Mp,True,False,True
mjFrbF,True,True,True
u7fU9a,False,False,False
MxjAPV,False,False,False
fxeFx0,False,False,False
hbnrPo,False,False,False
hOGPYt,False,False,False
48j2Bg,False,False,False
TDntJ0,False,False,False
SFbrQZ,False,False,False
uvPXK6,False,False,False
JBrdGE,False,False,False
WvElgb,True,True,True
kGQLGG,False,False,False
1c1HKq,False,False,False
jONNXe,False,False,False
Migaes,False,False,False
AIzn2D,False,False,False
3qSEOP,False,False,False
5uXS6p,False,False,False
EGRBEs,False,False,False
Og02Za,False,False,False
fOort2,False,False,False
gS17Zr,False,False,False
A3lLbm,False,False,False
YPoxw3,False,False,False
KTXKDu,False,False,False
RHSeaA,False,False,False
Bhoy1Q,False,False,False
VMGI5G,False,False,False
kjvb1u,False,False,False
S4MLh8,False,False,False
n41sIQ,False,False,False
ay3jpt,False,False,False
SpnYp5,False,False,False
kAk4fn,False,False,False
Ymny29,False,False,False
jvaVEK,False,False,False
ckAbSV,False,False,False
xFZzvg,False,False,False
LmobpG,False,False,False
7CMvni,False,False,False
mGlHxe,False,False,False
5zYTP9,False,False,False
az2TQZ,False,False,False
xCR3Yt,False,False,False
JdCMk2,False,False,False
MBNp4N,False,False,False
jJJoPg,False,False,False
o8nYZL,False,False,False
R2uhZn,False,False,False
rbpreh,False,False,False
lvpKQB,False,False,False
3UdMxH,False,False,False
AWVSKA,False,False,False
L4SsLT,False,True,True
OHiHQm,False,False,False
20E9fg,False,False,False
x3gpF1,False,False,False
tMEHbe,False,False,False
zh9cx5,False,False,False
FTkNei,False,False,False
FU0li8,False,False,False
9KAfTb,False,False,False
siJNU3,False,False,False
6Nn9Ue,False,False,False
gvREQm,False,False,False
SkoEAQ,False,False,False
OOxaDh,False,False,False
zvN5dD,False,False,False
2NdnQg,False,False,False
LSZsYD,False,False,False
zC3ML4,False,False,False
Awxn9v,False,False,False
XvSZvw,False,False,False
4ZY2oz,False,False,False
HVSpDL,False,False,False
TAojvZ,False,False,False
HtVdbU,False,False,False
4dLyDK,False,False,False
rYgTdi,False,False,False
Lu5vdM,False,False,False
uyLeui,False,False,False
XcUS1e,False,False,False
7X1aPp,False,False,False
62750H,False,False,False
qaenIX,False,False,False
sgUWjB,False,False,False
A7rdrg,False,False,False
hydgCh,False,False,False
z3727Q,False,False,False
nvC4WA,False,False,False
25poCW,False,False,False
pLoGKj,False,False,False
yy7Y58,False,False,False
ynPJLT,False,False,False
GY885i,True,False,True
PJcT5r,False,True,True
KW59dQ,False,False,False
OmghnX,False,False,False
kPhH8J,False,False,False
NEhdM6,True,False,True
6AxLKf,False,False,False
jyvYWh,False,False,False
sbg8V0,False,False,False
l8Camm,False,False,False
kKJlSg,False,False,False
RbplE2,False,False,False
gtQmmx,False,False,False
LAP8J1,False,False,False
LT3K8e,False,False,False
AbmkL5,False,False,False
CTR9hA,False,False,False
ZtYQm1,False,False,False
95PdB4,False,False,False
2flZic,False,False,False
TtEpjt,False,False,False
5SsRZM,False,False,False
PBLtNV,False,False,False
13MZ2c,False,False,False
oRu9lp,False,False,False
x4WUO2,False,False,False
6qPlnh,False,False,False
hi5ovh,False,False,False
r6Qh3D,False,False,False
u4MRkC,False,False,False
EGa8pO,False,False,False
g4fU4t,True,False,True
6N9iW9,False,False,False
jsnPSK,False,False,False
qoj8uP,False,False,False
x5RT5s,False,False,False
pktjOr,False,False,False
iaRnOP,False,False,False
haiAqu,False,False,False
EdmbRH,False,False,False
YXdhq0,False,False,False
Kz8NMB,False,False,False
c9m00L,False,False,False
COVnU8,False,False,False
1G3k1w,False,False,False
fytYre,False,False,False
5mVaCE,False,False,False
aLtgUR,False,False,False
j7FX5N,False,False,False
39ZQIb,False,False,False
WtGwAI,False,False,False
XzSjfb,False,False,False
kwZyKx,False,False,False
uufrdx,True,False,True
llkLPG,False,False,False
U3owHy,False,False,False
9g0EBE,False,False,False
vpsyFj,False,False,False
U5LlXe,False,False,False
75yZpW,False,False,False
JBDAbQ,False,False,False
i8A5K1,False,False,False
Ih0V7K,False,False,False
Yzx9Nm,False,False,False
30BfIG,False,False,False
XR9u0z,False,False,False
3gI4HO,False,False,False
tBnX74,False,True,True
yLwzs1,False,False,False
WlhiBT,False,False,False
lrtgDX,False,False,False
7HQt8m,False,False,False
T7DDLu,False,False,False
YwAVtn,False,False,False
AiSi70,False,False,False
1OLPGy,False,False,False
Zk57sO,False,False,False
rU3vR8,False,False,False
bFXjt9,False,False,False
iRM9l3,False,False,False
yE406K,False,False,False
fwt5nq,False,False,False
onzIit,False,False,False
cAE5aw,False,False,False
GRM7tY,False,False,False
xfDjf4,False,False,False
Xws4nR,False,False,False
KHifCx,False,False,False
EHKsvK,False,False,False
fSNr2X,False,False,False
1l1X1f,False,False,False
AmlF0n,False,False,False
WAKhZe,False,False,False
yD9UyO,False,False,False
7dJmEP,False,False,False
0Z5SWb,False,False,False
dTBspr,False,False,False
sr2QQK,False,False,False
neobBy,False,False,False
WOA14n,False,False,False
PX3R7t,False,False,False
zQzNvC,False,False,False
iyTNXZ,False,False,False
dR8aXL,False,False,False
ltvt6M,False,False,False
zqw4Yo,False,False,False
Blx393,False,False,False
8aHKfI,False,False,False
eVXt8g,False,False,False
4eOeCh,False,False,False
MMzw2S,False,False,False
b6X9Il,False,False,False
dBnuli,False,False,False
wRzon2,False,False,False
vKHA3b,False,False,False
jUDPUn,False,False,False
beFUrV,False,False,False
Ud4sRQ,False,False,False
NkqGXm,False,False,False
i7m5ui,False,False,False
OuSPc8,False,False,False
vtOHXd,False,False,False
ibQw4b,False,False,False
MKKwZd,False,False,False
5fz8Y2,False,False,False
h1d8ef,False,False,False
0AXHQ9,False,False,False
r3u8RL,False,False,False
PP5yiY,False,False,False
pnkbFO,False,False,False
BhYdap,False,False,False
BbAZvq,False,False,False
iZTTSZ,False,False,False
uw0dNr,False,False,False
I1nEYG,False,False,False
p3FZyy,True,True,True
5NXaDO,False,False,False
AbAkDD,False,False,False
VqH0Th,False,False,False
8asO7g,False,False,False
8oPQ4x,False,False,False
tRurtK,False,False,False
v1c2R1,False,False,False
zYFJEf,False,False,False
uikIu1,False,False,False
lkGinq,False,False,False
ZqBSHR,False,False,False
onINjS,False,False,False
LPYQAc,False,False,False
3518Yx,False,False,False
B8pZ82,False,False,False
auSLRn,False,False,False
98RoQW,False,False,False
pKVxje,False,False,False
ODJ2pO,False,False,False
1RRBUS,False,True,True
W1Ud2w,False,False,False
SRTPnL,False,False,False
GLs2o8,False,False,False
HQkEYP,False,False,False
LP1fnh,False,False,False
LDszxm,False,False,False
a1gVF4,False,False,False
SkqjIk,False,False,False
a9i2Nv,False,False,False
vbpLQS,False,False,False
26xxyj,False,False,False
SGEnAJ,False,False,False
vu1n56,False,False,False
DI5iyL,False,False,False
m6YuYR,False,False,False
GA7YiT,False,False,False
sQYr1Z,False,False,False
UGdyTr,False,False,False
gUtCJi,False,False,False
edthnU,False,False,False
rLA3ln,True,False,True
9q28gW,False,False,False
mkgWVK,False,False,False
Zc5K4Y,True,False,True
LfBSZW,False,False,False
pYLfPA,False,False,False
f7tk4c,False,False,False
E03RR1,False,False,False
FAzbzG,False,False,False
weCBTB,False,False,False
9Q5jSz,False,False,False
Py4YbQ,False,False,False
6ZhAXS,False,False,False
RXqqiB,False,False,False
HdLXKL,False,False,False
pnWlVP,False,False,False
nkn3E3,False,False,False
1HAJov,False,False,False
r9RNc1,False,False,False
Wi1jxA,False,False,False
0Vg9YV,False,False,False
CVYt5M,False,False,False
cQT8ul,True,True,True
syVklS,False,False,False
uFmrbb,False,False,False
ziYlkB,False,False,False
zAvQCd,False,False,False
oK0FIL,True,False,True
DKGWfZ,True,False,True
h3lNqQ,False,False,False
z5F5Mt,False,False,False
2qOqKv,False,False,False
l3RRcM,False,False,False
QupPVZ,True,False,True
xzviXz,False,False,False
I3c4q8,False,False,False
lNwEnQ,False,False,False
XMaiUD,False,False,False
OEGXzB,False,False,False
RYGWiU,False,False,False
4o1hog,False,False,False
0CjnD8,False,False,False
b6f5fX,False,False,False
xpGxCi,False,False,False
apyQyU,False,False,False
6wrKzY,False,False,False
g2mdTD,False,False,False
yjfNr0,False,False,False
U1UgMx,False,False,False
XD39i7,False,False,False
PYO0F5,False,False,False
S78hnZ,False,False,False
b4Jplc,True,False,True
5kB8M9,False,False,False
J95vTN,True,False,True
zobHhv,False,False,False
v8aAzo,False,False,False
lPXauE,False,False,False
jPk9oz,False,False,False
AmotLP,False,False,False
iILFPG,False,False,False
tIpwXN,False,False,False
zqqO5j,False,False,False
gmPpRe,False,False,False
KtVSOE,False,False,False
cNpFHR,False,False,False
nnJKB8,False,False,False
5Cg0en,False,False,False
bKfCbl,False,False,False
VdqiGA,False,False,False
F6dmww,False,False,False
egK1bb,True,False,True
Z2Cvpd,False,False,False
7LQJDc,False,False,False
EukkBg,False,False,False
YEoYgZ,False,False,False
8lJU2K,False,False,False
cFZO1R,False,False,False
svRUCv,False,True,True
scqXbe,False,False,False
aQu1tq,False,False,False
Us9th2,False,False,False
zuYVRM,False,False,False
htSPjB,False,False,False
wIT65i,False,False,False
QqNnin,False,False,False
ferakZ,False,False,False
3yQt7T,False,False,False
rWejOu,False,False,False
7bsTTR,False,False,False
vTgCvB,False,False,False
dUqPXY,False,False,False
HgJYin,False,False,False
hZPcbX,False,False,False
Xd888X,False,False,False
lPcwCB,False,False,False
ErZTIK,False,False,False
i5bMVK,False,False,False
0Kt0M2,False,False,False
pN64Od,False,False,False
1Puwqd,False,False,False
3Pcrj9,False,False,False
AavJi7,False,False,False
HODrSr,False,False,False
VnoLQt,False,False,False
Wr5iXo,False,False,False
4KIuNj,False,False,False
a0Pum0,False,False,False
N40UKJ,False,False,False
pTrl9U,False,False,False
FNqJeo,False,False,False
6RNMj8,False,False,False
1gsAYm,False,False,False
a92DHK,False,False,False
ZWRMLs,False,False,False
DWASXY,False,False,False
vEyeGn,False,False,False
gMGDSZ,False,False,False
OjWklM,False,False,False
5lbncO,False,False,False
YK1wDW,False,False,False
SFQv11,False,False,False
OpYJl8,True,False,True
6teoag,False,False,False
lODbTS,False,False,False
Z6a35T,False,False,False
HTRVlr,False,False,False
31m7Mm,False,False,False
lgPk55,False,False,False
K4nO8i,False,False,False
a1Myrw,False,False,False
DMsBOQ,False,False,False
8SHnzt,False,False,False
iQQKU8,False,False,False
fmQFMz,False,False,False
dLIw5A,False,False,False
lVZSy0,False,False,False
cQV2fM,False,False,False
GPrsNJ,False,False,False
GfeFUM,False,False,False
l4yzSF,False,False,False
9Ix1r5,False,False,False
zmwVjr,False,False,False
wyGLSc,False,False,False
VyVQOm,False,False,False
1aWTIg,False,False,False
sLSZ8j,False,False,False
Nz0QfC,False,False,False
DzIRcZ,False,False,False
StK64H,False,False,False
qZeI52,False,False,False
ttOD5s,False,False,False
cE2ZYM,False,False,False
oE9KeW,False,False,False
otasH3,False,False,False
AgZdr4,True,False,True
L6MTaN,False,False,False
67GXge,False,False,False
EShToB,False,False,False
d2OIVY,False,False,False
Mx2yGR,False,False,False
AFtd3v,True,False,True
MbIpbe,False,False,False
REHcl3,False,False,False
s7kyVV,False,False,False
B7W4cn,False,False,False
EQFIm9,False,False,False
XACwue,False,False,False
gNF434,False,False,False
nZgFkE,False,False,False
PnLRHB,False,False,False
f50ftR,False,False,False
1QPwPy,False,True,True
WQ7kZ2,False,False,False
pIVitp,False,False,False
xsq36I,False,False,False
10Mbck,False,False,False
uRxQ9A,False,False,False
7K8bSx,False,False,False
9sCDE5,False,False,False
4LQwdm,False,False,False
Gp3svf,False,False,False
6CBhAc,False,False,False
ERAFUq,False,False,False
CSfOOB,False,False,False
1aHrZn,False,False,False
A7e2NJ,False,False,False
JIeasc,False,False,False
TCGT56,False,False,False
7LbAo7,False,False,False
prJLLl,False,False,False
MxkHiy,False,False,False
4IOH8f,False,False,False
a8StEK,False,False,False
8UPaS1,False,False,False
VfVe6C,False,False,False
464AO1,False,False,False
SNsykO,False,False,False
bkX6sN,False,False,False
KQw21m,False,False,False
7dQ6qc,False,False,False
lX3RyS,False,False,False
DMdssR,False,False,False
xG7Z4T,False,False,False
14xRad,False,False,False
2s1i9H,False,True,True
JqteRe,False,False,False
ChxtUB,False,False,False
lbDeYs,False,False,False
DFUZn6,False,False,False
cLlCEk,False,False,False
zcto0k,False,False,False
PM4A0y,False,False,False
qc0Moz,False,False,False
MO6U00,False,False,False
6r3soS,False,False,False
0dNYOa,False,False,False
v2By5C,False,False,False
5RIPLb,False,False,False
cGMEhD,False,False,False
ZZ6ujP,False,False,False
wuhdyx,False,False,False
fZY6XN,False,False,False
6rWUBl,False,False,False
720krQ,False,False,False
zvILfH,False,False,False
lBrWpK,False,False,False
CM2lJo,False,False,False
jP1sSa,False,False,False
2IXagH,False,False,False
7ymtR5,False,False,False
eujlFe,False,False,False
2BYSfo,False,False,False
aUSO3v,False,False,False
HddEsH,False,False,False
gFK6PS,False,False,False
Y0W89w,False,False,False
JauYtU,False,False,False
R3kouN,False,False,False
ohooE5,False,False,False
su4bIS,False,False,False
fR1sq6,False,False,False
6IDv6N,False,False,False
CWKzRl,False,False,False
evsUWe,False,False,False
Y0xYH8,False,False,False
ggKTOn,False,False,False
oFuc9v,False,False,False
ssbJ91,False,False,False
vYWZ7g,False,False,False
tgyc6T,False,False,False
GQirAV,False,False,False
wwNgfT,False,False,False
hlACiW,False,False,False
3BR0gX,False,False,False
f0ElYj,False,False,False
u2qny6,False,False,False
V8PdcK,False,False,False
5lXBsh,False,False,False
CEJ25F,False,False,False
h1cr2K,False,False,False
Y7BI8F,False,False,False
s5MUYt,False,False,False
NxdkoY,False,False,False
tv4Ef4,False,False,False
PBEtoN,False,False,False
7G3sNt,False,True,True
ltCiez,False,False,False
hg9Bil,False,False,False
NxL0g0,False,False,False
SzElzn,False,False,False
vII2ob,False,False,False
fuatLi,False,False,False
9NxWaj,False,False,False
TJqlvK,False,False,False
bMa4OG,False,False,False
tx3ZgE,False,False,False
9CcX4m,False,False,False
sSncg1,False,False,False
zJKoIu,False,False,False
MMvg1z,False,False,False
SXMY5o,False,False,False
1nw7N4,False,False,False
Dw6YON,False,False,False
Znu6f1,False,False,False
vVpOnj,False,False,False
8zHIsj,False,False,False
vOJYFu,False,False,False
j5aQxh,False,False,False
bIqPY3,False,False,False
JTfX7A,False,False,False
LC3T38,False,False,False
gqRV41,False,False,False
mHqnhi,False,False,False
wpjyWl,False,False,False
YgXKen,False,False,False
meRLks,False,False,False
oEnOlt,False,False,False
AcavUb,False,False,False
7LkyI5,False,False,False
KpqRuF,False,False,False
52JOmf,False,False,False
lGzkJ5,False,False,False
QGroEW,False,False,False
XZpewh,False,False,False
mfkf83,False,False,False
BT3Tgh,False,False,False
fYKpRF,False,False,False
79GeGp,False,False,False
nv1LAX,False,False,False
OEV4Tv,False,False,False
HvU0pp,False,False,False
Gqh90p,False,False,False
GRYQPD,False,False,False
XCDGzJ,False,False,False
r6cenh,False,False,False
63wcUy,False,False,False
tXrGbM,False,False,False
YUuwRG,False,False,False
N6oV2R,False,False,False
yaDhOs,False,False,False
SW0kZf,False,False,False
TvcuWE,False,False,False
xjfqOO,False,False,False
Xb2xN5,False,False,False
p9OStg,False,False,False
oZ5la5,False,False,False
MoYgd3,False,False,False
jEkZdn,False,False,False
uCJ4VQ,True,False,True
kyUSMp,False,False,False
An4lM3,False,False,False
7mPFzR,False,False,False
yaI3Ol,False,False,False
qbKP9E,False,False,False
I0KSxU,False,False,False
Vwwc1n,False,False,False
X1rq21,False,False,False
MUwVjf,True,True,True
tFWI0k,False,False,False
NQoLZ2,False,False,False
rng1BI,False,False,False
pxPcQ7,False,False,False
jlX6Tv,False,False,False
g7HN0l,False,False,False
a2AhwM,False,False,False
jhQvq3,False,False,False
geG4Jb,False,False,False
NktQgD,False,False,False
DvN4Y1,False,False,False
6Leu7C,False,False,False
dpNo6C,False,False,False
VZbagc,False,False,False
3tHDMM,True,False,True
eiqI1I,False,False,False
a3zhqD,False,False,False
rjiAen,False,False,False
VeIkBG,False,False,False
Wu95k0,False,False,False
blR2vO,False,False,False
fBTYBu,False,False,False
xcEkNW,False,False,False
HRw3EV,False,False,False
FmuD3W,False,False,False
uDTV45,False,False,False
2jf8hj,False,False,False
2IQPMs,False,False,False
aDkm6W,False,False,False
uA8HZ7,False,False,False
xqjgUt,True,False,True
CWnWy2,False,False,False
1bimpw,False,False,False
ovDKZz,False,False,False
J108te,False,False,False
Jz1N9L,False,True,True
YLU87R,False,False,False
ACFdQU,False,False,False
GflQUJ,False,False,False
cyDdWI,False,False,False
bi2LJe,False,False,False
ZyKzlR,False,False,False
YgFuhk,False,False,False
ATYRba,False,False,False
QwPq1K,False,False,False
7etuee,False,False,False
kIomkm,False,False,False
Unp0N3,False,False,False
qNfUOX,False,False,False
y7DFz2,False,True,True
bhMcZi,False,False,False
bf7SI6,False,False,False
2x5WzK,False,False,False
TmYGmT,False,False,False
tX3I3N,False,False,False
qpoFUD,False,False,False
wsw7EO,False,False,False
zTLpNK,False,False,False
CbnKpm,False,False,False
Fl01CQ,False,False,False
HxrO4z,False,False,False
WSQzQZ,False,False,False
UcFeXt,False,False,False
GPFUDW,False,False,False
jluEhK,False,False,False
Qf2yD1,False,False,False
eYTJwL,False,False,False
p9dZTj,False,False,False
QK1gCG,False,False,False
7Zb2Ur,False,False,False
GyvbAP,False,False,False
ieaKcE,False,False,False
aNFhjY,False,False,False
rzQFMY,False,False,False
ifYcWD,False,False,False
tD6BQD,False,False,False
RvNtue,False,False,False
9QpWZG,False,False,False
d1tPZO,False,False,False
ejWX7Z,False,False,False
ivLQUu,False,False,False
RzpVaY,False,False,False
jprg3R,False,False,False
5YhDTx,False,False,False
YcT0Mz,False,False,False
71kvPR,False,False,False
fS5bCd,False,False,False
MiQKTI,False,False,False
peVTSN,False,False,False
b5qgtQ,False,False,False
6G7jWI,False,False,False
PmirRZ,False,False,False
Jd42Er,False,False,False
5Z77Ox,False,False,False
W5AwRS,False,False,False
qjHHY6,False,False,False
F1Ruyr,False,False,False
tSWZYR,False,False,False
KdFBmc,False,False,False
zLRLL3,False,False,False
zgbktr,False,False,False
LcxbRs,False,False,False
1IuLy3,False,False,False
Z5P76z,False,False,False
gb32ok,False,False,False
ClRAB2,False,False,False
WH1x5k,False,False,False
IA5jYQ,False,False,False
wneqaS,False,False,False
b6ACe9,False,False,False
2PKkI3,False,False,False
X4E2mA,False,False,False
bwSodQ,False,False,False
Vc19Cc,False,False,False
sByda5,False,False,False
X3vi36,False,False,False
Msftsd,False,False,False
qwstQc,False,False,False
pQhycC,False,False,False
BiR9Ed,False,False,False
2WKAkZ,False,False,False
nzxuhl,False,False,False
g4qiDC,False,False,False
rht7VJ,False,False,False
s0kFcg,False,False,False
SrJR0o,False,False,False
abGqj9,False,False,False
d0iNwH,False,False,False
vF1nFV,False,False,False
fXmJKH,False,False,False
uzkRhZ,False,False,False
I9Jh0Z,False,False,False
H7miTb,False,False,False
OJBl33,False,False,False
CcXRTV,False,False,False
oVpGUG,False,False,False
t3hR60,False,False,False
66M0C3,False,False,False
j13C1D,False,False,False
mHO4Dm,False,False,False
zCGFVX,False,False,False
tvi6AN,False,False,False
jPavIw,False,False,False
aSJ5XR,False,False,False
7gJd7C,False,False,False
qEcTHD,False,False,False
zvJyyL,False,False,False
OEvq42,False,False,False
dGK8F5,False,False,False
qLuoP9,False,False,False
LM5A5G,True,False,True
mXL0Up,False,False,False
2H5306,False,False,False
OtatML,False,False,False
hUz8ka,False,False,False
bUWJHg,False,False,False
8WWm8M,False,False,False
vuorrd,False,False,False
jq2FMN,False,False,False
EPnfS6,False,False,False
7Qpqi7,False,False,False
EZ5HWX,False,False,False
sKjgSQ,False,False,False
3lzFxF,False,False,False
Jgo4IG,False,False,False
DLjT62,False,False,False
XCFN6B,False,False,False
jSgGCx,False,False,False
sU3iWA,False,False,False
ywOEVW,False,False,False
m1QzxE,False,False,False
kxt9uv,False,False,False
SP8gJP,False,False,False
v6pdee,False,False,False
2yBGTp,False,True,True
AfO0Be,False,False,False
ixIhQv,False,False,False
huhq1b,False,False,False
u0NRT8,False,False,False
bxBR2G,False,False,False
48ZLHd,False,False,False
CLrQgf,False,False,False
TxxOHk,False,False,False
yC5ewl,False,False,False
6OaHJ6,False,False,False
Zotg4L,False,False,False
pO7FV7,False,False,False
HgWO6b,False,False,False
GOwKLp,False,False,False
AAQMZV,False,False,False
xIJDU8,False,False,False
OoEQLo,False,False,False
RTZAkL,False,False,False
KtsfnQ,False,False,False
uMbyWH,False,False,False
O9jwBc,False,False,False
cuUfQW,False,False,False
SbgVMV,False,False,False
T9Yn79,False,False,False
G3dESU,False,False,False
cDmge5,False,False,False
4qAnMc,False,False,False
gIlAGC,False,False,False
MIDVip,False,False,False
C6p7Fc,False,False,False
vKQx4w,False,False,False
TQrD6E,False,False,False
OyLQQL,False,False,False
dF8uEW,False,False,False
VOR75A,False,False,False
1Da9Jm,False,False,False
8fh757,False,False,False
89mA5g,False,False,False
VRCne8,False,False,False
eRZVPm,False,False,False
xKeJtl,False,False,False
LamFQX,False,False,False
SCYdZC,False,False,False
P5e6Gq,False,False,False
fcPmc1,True,False,True
3yTnpA,False,False,False
FfXcLu,False,False,False
KZSmgJ,True,False,True
QiVyLj,False,False,False
N1LW76,False,False,False
Vsagvg,False,False,False
wyMp1L,False,False,False
YxNGnJ,False,False,False
TfyQcr,False,False,False
GS2JiR,False,False,False
EjkyXn,False,False,False
EM0nXh,False,False,False
9hJhsn,False,False,False
Tg7NlR,False,False,False
SSpxtB,False,False,False
xgmjha,False,False,False
vDpxDG,False,False,False
aMErOh,False,False,False
tw0H48,False,True,True
FTqi2S,False,False,False
LHK1aa,False,False,False
zGwe7q,False,False,False
jupENk,False,False,False
YUDfL2,False,False,False
ZI2k7O,False,False,False
WSapOu,False,False,False
SLHqpG,False,False,False
4hpI2K,False,False,False
GWOZUq,False,False,False
qtlbol,True,False,True
IKK8AE,False,False,False
Kse9Op,False,False,False
Y7QD3w,False,False,False
5MHG5d,False,False,False
l4Lxqe,False,False,False
ZZyfzu,False,False,False
4QlyLc,False,False,False
LtbzPV,False,False,False
IwSdrX,False,False,False
C60twV,False,False,False
WdnjQ3,False,False,False
DyflF5,True,False,True
QjfMJM,False,False,False
algWso,False,False,False
THVnCb,False,False,False
6O9PCf,False,False,False
V4WtkD,False,False,False
VOPEox,False,False,False
glDvwj,False,False,False
XOo4HJ,False,False,False
C8qKHp,False,False,False
v7fEFo,False,False,False
mGo5rj,False,False,False
PsBAQV,False,False,False
0D6YrC,False,False,False
MO9MY8,False,False,False
8NstZT,False,False,False
Wq8wgV,False,False,False
b0kHKS,False,False,False
hxXWEw,False,False,False
8EUNn6,False,False,False
dEJytY,False,False,False
BYeVrB,False,False,False
ookICE,False,False,False
IFbK0f,False,False,False
W83k9f,False,False,False
Q1PZ3b,False,False,False
Qeco5O,False,False,False
wKGnfM,False,False,False
NeyKX7,False,False,False
SLtTXF,False,False,False
UfmD0N,False,False,False
ZN3iPd,False,False,False
mhrip5,False,False,False
HYS7Dj,False,False,False
GnnYMr,False,False,False
Z86XJz,False,False,False
RRTowT,False,False,False
NMF314,False,False,False
V5XPHH,False,False,False
1WjrO4,False,False,False
eCdVrO,True,True,True
a5hyaY,False,False,False
m6PR79,False,False,False
A5AmJD,False,False,False
vWEwYN,False,False,False
ei8L11,False,False,False
zGm2HW,True,False,True
QAgyfw,False,False,False
FMDHF2,False,False,False
WByrfe,False,False,False
atG5Hu,False,False,False
uwIIUX,False,False,False
aqkcTu,False,False,False
VGNe8p,False,False,False
0svM8w,False,False,False
PR2NiH,False,False,False
WTov3C,False,False,False
r8IBjn,False,False,False
GbUtC4,False,True,True
wRs2D8,False,False,False
RVY712,False,False,False
5WAF9F,False,True,True
LDe5lX,False,False,False
FB45gJ,False,False,False
ZhKl5Z,False,False,False
b9VmJi,False,False,False
vpd8Fy,False,False,False
tHDWjR,False,False,False
jEiUc0,False,False,False
NN6xkn,False,False,False
pl3UC2,False,False,False
qxxOCE,False,False,False
x4eSzc,False,False,False
4GU6H4,False,False,False
su45Ax,False,False,False
zl2Gyq,False,False,False
uOZs3Q,False,False,False
2Q7pW5,False,False,False
QTOYrT,False,False,False
HCD5gA,False,False,False
6DA2hT,False,False,False
xwkktP,False,False,False
fZ6FqT,False,False,False
Y0zbVi,False,False,False
8Od6K5,False,True,True
I8rOXy,False,False,False
VoYZKU,False,False,False
wLM6K5,False,False,False
mMr844,False,False,False
M2S7t5,False,False,False
qeRbxS,False,False,False
mL3lm7,False,False,False
qDtO3z,False,False,False
m2zkYE,False,False,False
1xjkNy,False,False,False
68zzed,False,False,False
yuhIbi,False,False,False
eUd1gf,False,False,False
Mtfrph,False,False,False
o0NMpU,False,False,False
2X1vCg,False,False,False
BVahOR,False,False,False
ksgghZ,False,False,False
e08Y3Y,False,False,False
NQuUvR,False,False,False
J5DelR,False,False,False
dQLVQ8,False,False,False
p5MUlm,False,False,False
UH2rhB,False,False,False
DcGnNh,False,False,False
UqgXcI,False,False,False
HbMjfe,False,False,False
4Z6iUH,False,False,False
E8KS6M,False,False,False
eAej6l,False,False,False
OxpBC1,False,False,False
Iim7ih,False,False,False
5dIdi4,False,False,False
RANyI3,False,False,False
XWXwOq,False,False,False
rsBRS3,False,False,False
T5c5eg,False,False,False
PTNIIJ,False,False,False
av3ijh,False,True,True
E5fjwR,False,False,False
6PGDIq,False,False,False
wfPmHU,False,False,False
hN9mo0,False,False,False
k9v26c,False,False,False
0xvabN,False,False,False
UTARjV,False,False,False
0pG0wy,False,False,False
Ow6xEi,False,False,False
LFZEcb,False,False,False
iaTTrx,False,False,False
IG0Ita,False,False,False
9lPPgn,False,False,False
Vls2Lo,False,False,False
efcXg5,False,False,False
UVPeTC,False,False,False
pceSc2,False,False,False
7rNyX3,False,False,False
Dnb22z,False,False,False
YA8bNK,False,False,False
VrRBCv,False,False,False
y0Uucv,False,False,False
7Sucoc,False,False,False
QbOmaI,False,False,False
6FMy8s,False,False,False
7Fu16t,False,False,False
rIURbU,False,False,False
LaXweM,False,False,False
N16hDp,False,False,False
bM9z92,False,False,False
uWASiG,False,False,False
O7BKwa,False,False,False
UTdvs3,False,False,False
HVdjJH,True,False,True
hN35Dq,False,False,False
uT8WQN,False,False,False
1l2WGe,False,False,False
yPwKQx,False,False,False
zR1Fjh,False,False,False
ZIQ4uq,False,False,False
X5fx7z,False,False,False
vEK27n,False,False,False
BCxytI,False,False,False
MEjdh4,False,False,False
0hfM55,False,False,False
yKLhwG,False,True,True
PCwoh5,False,False,False
ndMgIN,False,False,False
8uMAX1,False,False,False
CcVZMQ,False,False,False
2iWPW1,False,False,False
vDCdqg,False,False,False
5oqNwf,False,False,False
89q1jY,False,False,False
x0BB7q,False,False,False
Zt9Ayu,False,False,False
Y8NXAC,False,False,False
bQR7Ut,False,False,False
ptFOL6,False,False,False
8Q5YdL,False,False,False
qwc0Q1,False,False,False
oNXEa6,True,False,True
iiaV1l,False,False,False
bTkrCn,False,False,False
nprPRh,False,False,False
yAgyuU,False,False,False
bPfOc6,False,False,False
KDgnsY,False,False,False
x6AwMw,False,False,False
uyDvJg,False,False,False
Xbo7Hf,False,False,False
FbqToC,False,False,False
7LupEb,False,False,False
5RWRzC,False,False,False
zIchbX,False,False,False
qgRCwA,False,False,False
7jXNVb,False,False,False
de2hp6,False,False,False
2TjrJo,False,False,False
a9IthZ,False,False,False
hZIYN6,False,False,False
wWOyxx,False,False,False
IJRUBs,True,False,True
PGGUv6,False,False,False
s9gy2K,False,False,False
uEgeSp,False,False,False
pC75mu,False,False,False
771aW1,False,False,False
aYPdgW,False,True,True
3kBkIZ,False,False,False
6nyHZC,False,False,False
o0XMLp,False,False,False
HHGmQQ,False,False,False
ibTRBn,False,False,False
4J3m8K,False,False,False
7FjP94,False,False,False
ktONmh,False,False,False
BwqaXN,False,False,False
vp8XHB,False,False,False
9Bp4SE,False,False,False
jayBIp,False,False,False
B75C9S,False,False,False
IhcUPb,False,False,False
L0gCNA,False,False,False
ctpRqY,False,False,False
y2SmBR,False,False,False
QmJY7Q,False,False,False
7NeFMQ,False,False,False
PA8b11,False,False,False
BSBxxi,False,False,False
HnwooH,False,False,False
9WlzLX,False,False,False
LUbmiO,False,False,False
Fp2xhX,False,False,False
lQUyIz,False,False,False
I9sHqI,False,False,False
F7ItkV,False,False,False
tEdRbf,False,False,False
DmAJsw,False,False,False
yoAM0A,False,False,False
rKD7Kn,False,False,False
tfvmas,False,False,False
4L42GS,False,False,False
puWq5n,False,False,False
5FCzS3,False,False,False
ZHJraf,False,False,False
OL94xy,False,False,False
79YozX,False,False,False
yOTENU,False,False,False
CsFhUf,False,False,False
VYO0to,False,False,False
b31905,False,False,False
pjrnTm,False,False,False
4IDK4w,False,False,False
Abyil4,False,False,False
sJGaIu,False,False,False
dWfzXd,False,False,False
Nw9mJO,False,False,False
hdvV0I,False,False,False
2JBpG0,False,False,False
xByQmC,False,False,False
qvVGGA,False,False,False
DA9gTo,False,False,False
5IsewA,False,False,False
HSC7Tq,False,False,False
XmxOhR,False,False,False
NBWprX,False,False,False
icn13h,False,False,False
LThRMl,False,False,False
iAmBvO,False,False,False
0nvy6X,False,False,False
Zk784Z,False,False,False
nxGrMi,False,False,False
e4DXe6,False,False,False
3kD4iq,False,False,False
NqiiC3,False,False,False
7elRe1,False,False,False
Ryc9AC,False,False,False
8dGSFW,False,False,False
sHaJeA,False,False,False
w9MSWw,False,False,False
e4Iqqp,False,False,False
451Mdv,False,False,False
8X931i,False,False,False
QsAB2G,False,False,False
8qYHPj,False,False,False
EnnNdF,False,False,False
x8S0ct,False,False,False
zACezO,False,False,False
LlMwJf,False,False,False
cYgYvU,False,False,False
yWUMIF,False,False,False
8Hp9SP,False,False,False
y8R1Op,False,False,False
eWtkoF,False,False,False
QNrqKK,False,False,False
pmtIKs,False,False,False
BdL7AZ,False,False,False
Q4xWYl,False,False,False
up56Ia,False,False,False
1ambTE,False,True,True
x4ZTwb,False,False,False
ae0AZw,False,False,False
GMLAiR,False,False,False
njRiQF,False,False,False
8ydtRn,False,False,False
gPBQ4M,False,False,False
AtdQng,False,False,False
gJ9sFf,False,False,False
a47E9L,False,False,False
yV3T2S,False,False,False
LrzCD3,False,False,False
pzZwlb,False,False,False
ge4Hy0,False,False,False
j3bvKC,False,False,False
LcDUIQ,False,False,False
N21J8o,False,False,False
8ofoAX,False,False,False
hvIDAS,False,False,False
QofmjW,False,False,False
7FnSJ7,False,False,False
irAfW4,False,False,False
dGhpIG,False,True,True
2JgDM8,False,False,False
L3tklx,False,False,False
boC3XX,False,False,False
Yntblr,False,False,False
VruzF1,False,False,False
qowXKH,False,False,False
eeGpMn,False,False,False
WbdRhX,False,False,False
JZtrpS,False,False,False
jczL5k,False,False,False
UB6uWU,False,False,False
FGcnOa,False,False,False
5Q4Fe6,False,False,False
yXG7PJ,False,False,False
OBs9nA,False,False,False
bRMsJp,False,False,False
hLBiMD,False,False,False
2X4Fdd,False,False,False
3KRk0N,False,False,False
nQYAGL,False,False,False
tgPuQB,False,False,False
7sUZPq,False,False,False
wYjKJY,False,False,False
1fmDPb,False,False,False
IJ5Oyv,False,False,False
VFDkLi,False,False,False
TFrDtp,False,False,False
gzcc0g,False,False,False
KePYSS,False,False,False
1XjPQc,False,False,False
FbIaNm,False,False,False
dgkEdC,False,False,False
wqaPVu,False,False,False
SUNq34,False,False,False
o5oQUL,False,False,False
RpYdCW,False,False,False
RvtGzR,False,False,False
YkFwJG,False,False,False
tIhSUo,False,False,False
EbLxF3,False,False,False
0LyBbh,False,False,False
i2jNUQ,False,False,False
CgyyDQ,False,False,False
euJez9,False,False,False
CnIuNl,False,False,False
i2vMig,False,False,False
VQDM2l,False,False,False
wYXRYA,False,False,False
hP5LTv,False,False,False
iZN1A4,False,False,False
WV2aYS,False,False,False
mMOuPA,False,False,False
QNFdJO,False,False,False
Pb0hhX,False,False,False
5y7bLf,False,False,False
vbZa7H,False,False,False
b05DW7,False,False,False
CA4KUt,False,False,False
6YVTCN,False,False,False
BweiEb,False,False,False
XxveGW,False,False,False
W2uw4I,False,False,False
Qd7dQK,False,False,False
ks7ZJI,False,False,False
Af9qBg,False,False,False
Wv6MZ1,False,False,False
7IdB1Y,False,False,False
qQqcTb,False,False,False
L3sdeU,False,False,False
NWgjlX,False,False,False
1zyq6q,False,False,False
sG5wbZ,False,False,False
G0ASuG,False,False,False
DTEv64,False,False,False
Lza4MH,False,False,False
SOEDZN,False,False,False
Ss5Eg4,False,False,False
Ne5aug,False,False,False
3jXDxJ,False,False,False
BdoK2L,False,False,False
o1eDfn,False,False,False
h5UYFR,False,False,False
gHuEhx,False,False,False
laa3xT,False,False,False
O054HV,False,False,False
y1qsa2,False,False,False
S08GlB,False,False,False
p8JvOP,False,False,False
d2pKOJ,False,False,False
il8fvf,False,False,False
m0Lupk,False,False,False
7qk1QQ,False,False,False
8R9hyG,False,False,False
qh6SMS,False,False,False
7Aqx3P,False,False,False
cMDn72,False,False,False
BtjEoZ,False,False,False
rYJV4U,False,False,False
yAD6QR,False,False,False
W1wODK,False,False,False
H5pmLG,False,False,False
yNWxnt,False,False,False
7ZUArj,False,False,False
Hh4jCQ,False,False,False
vasugX,False,False,False
Ql6MaK,False,False,False
mJaOzL,False,False,False
xU9iXs,False,False,False
mNmCz1,False,False,False
Zv3VzH,False,False,False
62TfRl,False,False,False
Ld1Png,False,False,False
UmOYz4,False,False,False
PGnk3W,False,False,False
fhVmm8,False,False,False
7uRha9,False,False,False
GJix4V,False,False,False
dpv7JH,False,False,False
veRrI0,False,False,False
Q6n1VW,False,False,False
tReYMn,False,False,False
CsT8F0,False,False,False
4SI75z,False,False,False
he3kR0,False,False,False
XJ4Wot,False,False,False
zuF1uK,False,False,False
8VIp9g,False,False,False
q9DNz8,False,False,False
DdhmaA,False,False,False
Agjt5j,False,False,False
HYwjHw,False,False,False
5BlAoS,False,False,False
3fjZ0B,False,False,False
P7eWjf,False,False,False
HXPuTb,False,False,False
XkzZSC,False,False,False
bUI0I6,False,False,False
jFffGT,False,False,False
DGXIq0,False,False,False
tbrYDr,False,False,False
b9UJD9,False,False,False
nzIBhQ,False,False,False
O7FRDb,False,False,False
sb8H7O,False,False,False
gOX8ks,False,False,False
hF69bw,False,False,False
JBIZcc,False,False,False
7BwFvd,False,False,False
CEjqf6,False,False,False
tgEqEm,False,False,False
g95wRV,False,False,False
8NQqVk,False,False,False
y7hy9c,False,False,False
2py2Nc,False,False,False
qNkBcU,False,True,True
ONtRRY,False,False,False
IqGtmm,False,False,False
daiZkr,False,False,False
rDwcNs,False,False,False
sX6eQ5,False,False,False
uorbVn,False,False,False
GpB7R0,False,False,False
yL8A0b,False,False,False
KYIRXc,False,False,False
frT9Hr,False,False,False
IHjDaR,False,False,False
utlDi3,False,False,False
VmFZoc,False,False,False
URQK5K,False,False,False
ZysORF,False,False,False
bqEhIW,False,False,False
rPX6af,False,False,False
P9nq9k,False,False,False
BrCx9y,False,False,False
tAoUK2,False,False,False
DWFeF9,False,False,False
5EiEvg,False,False,False
tliJxQ,False,False,False
d6P6B3,False,False,False
BlddqY,False,False,False
Rih8Y2,False,False,False
x2J2ct,False,False,False
AfZqZu,False,False,False
kUGa4Q,False,False,False
MphJ6i,False,True,True
0mmsuy,False,False,False
Cb7xgQ,False,False,False
m7OaS1,False,False,False
nXPzhG,False,False,False
Vr74km,False,False,False
6Ld0o0,False,True,True
EOTdww,False,False,False
OCZ6ZQ,False,False,False
J2Qit1,False,False,False
TcIizt,False,False,False
rKROOt,False,False,False
msYTOm,False,False,False
ircV6a,False,False,False
NdgeeK,False,False,False
XzFZln,False,False,False
y3LhGU,False,False,False
qv6sDe,False,False,False
NCQGAx,False,False,False
Do3uW4,False,False,False
vjj01Q,False,False,False
x2IptO,False,False,False
u5wwn4,False,False,False
npYE7U,False,False,False
2aHjdJ,False,False,False
0WJirr,False,False,False
MgkDba,False,False,False
Ro1tzQ,False,False,False
l5uFGP,False,False,False
Rjy327,False,False,False
lxQsrc,False,False,False
sAEoxt,False,False,False
DZIesL,False,False,False
pwZ5yH,False,False,False
hZuehX,False,False,False
DdJ4OS,False,False,False
Xl3cs0,False,False,False
s13k93,False,False,False
zZldDV,False,False,False
vs64r2,False,False,False
CxSQtA,False,False,False
rilJyJ,False,False,False
34aKnr,False,False,False
NSyCEs,False,False,False
vdmMD6,False,False,False
AKJN1x,False,False,False
9ojzrN,False,False,False
lL6yZQ,False,False,False
wKWvX7,False,False,False
a7Nh80,False,False,False
F5Dx8c,False,False,False
49sg8l,False,False,False
zcMYh8,False,False,False
xiDdIb,False,False,False
NDyZ2E,False,False,False
XkS79O,False,False,False
a3HPVn,False,False,False
p5In02,False,False,False
JiyPGJ,False,False,False
iKZdDu,False,False,False
1csDKa,False,False,False
3vD8mH,False,False,False
JbZwtY,False,False,False
8XISva,False,False,False
qu3YQS,False,False,False
mviFQx,False,False,False
OPNcph,False,False,False
8QB3B6,False,False,False
buE0bK,False,False,False
eIHMsl,False,True,True
PauN0A,False,False,False
53vR4F,False,False,False
i37sVs,False,False,False
XICl45,False,False,False
OUmXQr,False,False,False
iK1jHL,False,False,False
Cskkuv,False,False,False
xEuTjM,False,False,False
7dHhvx,False,False,False
DEOcnr,False,False,False
sbwCQk,False,False,False
R8Vuno,False,False,False
1nsx03,False,False,False
RKPWbk,False,False,False
421Cn9,False,False,False
427yyS,False,False,False
v3gLer,False,False,False
LoSDnC,False,False,False
rx8fau,False,False,False
gd4y9m,False,False,False
Lq7Z86,False,False,False
jzJzKl,False,False,False
EriNke,False,False,False
E9CCV5,False,False,False
7mp2uE,False,False,False
sUI6NV,False,False,False
xHvlaX,False,False,False
fk54KL,False,False,False
iVaAgx,False,False,False
HMEGQp,False,False,False
neYaHl,False,False,False
ItUFxP,False,False,False
uOBdzE,False,False,False
7ZdwOF,False,False,False
Smfdg6,False,False,False
ujyjdb,False,False,False
uMnYYf,False,False,False
1HmwfX,False,False,False
83Qwyi,False,False,False
bAMf36,False,False,False
UeLoxI,False,False,False
4coB5E,False,False,False
QLhfKV,False,False,False
AvG02Z,False,False,False
0aDr3S,False,False,False
K2cYd8,False,False,False
Sh7GOx,False,False,False
ycXMfe,False,False,False
QKZcVj,False,False,False
aur5Xm,False,False,False
Kz1oAf,False,False,False
OW6Njp,False,False,False
K2xa0l,False,False,False
3YwEoD,False,False,False
Ih9Wbu,False,False,False
tp7vdD,False,False,False
eSUgdd,False,False,False
Fmep9I,False,False,False
WELtFQ,False,False,False
szJ6I9,False,False,False
1ASU6Y,False,False,False
Zj6T7d,False,False,False
1K9jth,False,False,False
CJgMn8,False,False,False
Yr7Rci,False,False,False
8NakPY,False,False,False
z3hpay,False,False,False
km9WN8,False,False,False
qZu9JP,False,False,False
qehSKS,False,False,False
HwYaMr,False,False,False
r0nNcV,False,False,False
8Ye2HS,False,False,False
LzUSPP,False,False,False
Y8aoXw,False,False,False
YHgZ7m,False,False,False
tThe3k,False,False,False
vgtS4L,False,False,False
UotGwG,False,False,False
5IOtCy,False,False,False
nusIHx,False,False,False
obEDpE,False,False,False
UlkSTg,False,False,False
nCTV5A,False,False,False
Yiu6sW,False,False,False
gTxM7q,False,False,False
W6j3I8,False,False,False
QqfZmR,False,False,False
KU6rQW,False,False,False
lCkh99,False,False,False
CtOdNT,False,False,False
U8Ufr6,False,False,False
VObjAJ,True,False,True
WnEBUB,False,False,False
kmm8OD,False,False,False
DwimB3,False,False,False
JD3s0Z,False,False,False
ZsAMpD,False,False,False
XaSCye,False,False,False
ycrqyi,True,False,True
TrQUD3,False,False,False
N9Q1wd,False,False,False
JqNSI2,False,False,False
UBY6FA,False,False,False
DHysq1,False,False,False
WoTOq2,False,False,False
3Cm7pt,False,False,False
2HOQtU,False,False,False
CUN1k0,False,False,False
FMgMbN,False,False,False
R0QRIU,False,False,False
BBGRcO,False,False,False
Z7p47e,False,False,False
jjATQN,False,False,False
h9vLGR,False,False,False
SeAx8O,False,False,False
L45m4Y,True,False,True
kAQafC,False,False,False
LYC3nO,False,False,False
BR9IrD,False,False,False
9kNxb0,False,False,False
dqE1Gn,False,True,True
uCpbfy,False,False,False
nYFm2l,False,False,False
drxpAm,False,False,False
UBi2nR,False,False,False
sy3XNP,False,False,False
KCOr0i,False,False,False
AkkyGo,False,False,False
h7JWsB,False,False,False
fZqahw,False,False,False
bkuSDF,False,False,False
KN5lR2,False,False,False
sG6UaO,False,False,False
QTAILU,False,False,False
p63ERt,False,False,False
6FmkwW,False,False,False
Xktcd8,True,True,True
HQyUQ0,False,True,True
65eEOi,False,False,False
cNFkif,False,False,False
4GvJgG,False,False,False
E4KXBe,False,False,False
28KajL,False,False,False
6hecdx,False,False,False
Jsx2Ok,False,False,False
ikI0vi,False,True,True
K04CK2,False,False,False
TNiykc,False,False,False
uWB6N7,False,False,False
DESDcx,False,False,False
1e2G79,False,False,False
LmwyDa,False,False,False
1anSoa,False,False,False
TFxZJU,False,True,True
CsfNn9,True,True,True
3QBcTE,False,False,False
RdrBm9,False,False,False
wcC8CX,False,False,False
yv4EGq,False,False,False
gXUtZZ,False,False,False
sgEwdu,False,False,False
KTruTp,False,False,False
mSAuxn,False,False,False
EOT4cc,False,False,False
7sNgYZ,False,False,False
uOej6D,False,False,False
NMfEjH,False,False,False
AuNbNm,False,False,False
4jUiDO,False,False,False
Qo1Nor,False,False,False
rx6VY5,False,False,False
GX2H6y,False,False,False
hu0qz4,False,False,False
NnI6x3,False,False,False
o6bSAo,False,False,False
KT5W3g,False,False,False
Anz592,False,False,False
2iVsjF,False,False,False
AorwMl,False,False,False
3nMusc,False,False,False
R82YuS,False,False,False
WNdlvo,False,False,False
uA6X4n,False,False,False
8ijPZ5,False,False,False
ktaNu2,False,False,False
lAVmlk,False,False,False
SaxOdL,False,False,False
nPBhWN,False,False,False
UZopgF,False,False,False
8vmyEF,False,False,False
H4i6iV,False,False,False
Da8s5w,False,False,False
HWfQav,False,False,False
m0GSQU,False,False,False
4wbGAT,False,False,False
VlTuBX,False,False,False
3qjnws,False,False,False
q5JHgw,False,False,False
FFXixr,True,False,True
DJZ0vh,False,False,False
i6SIvH,False,False,False
nUptHd,False,False,False
fzBBkh,False,False,False
KV2O8o,False,False,False
YyDFpx,False,False,False
ehOyh1,False,False,False
RD94JV,False,False,False
DCplHd,False,False,False
pVz6dn,False,False,False
Bdn5HB,False,False,False
gSZAYW,False,False,False
kxV1CU,False,False,False
1VhFyz,False,False,False
S4jGM0,False,False,False
lTV7Va,False,False,False
SGljAM,False,False,False
HYb6gI,False,False,False
OHTTtJ,True,False,True
kIK68f,False,False,False
jLXFqf,False,False,False
IdLEIc,False,False,False
DmKVRG,False,False,False
Y97syJ,False,False,False
NQOAje,False,False,False
A5KWmc,False,False,False
rS7Ruz,False,False,False
GcHtFF,False,False,False
apyawF,False,False,False
4hwhDu,False,False,False
27mQxr,False,False,False
bFE7xD,False,False,False
nsIw50,False,False,False
jCGyJe,False,False,False
WBlCMM,False,False,False
p0p6s7,False,False,False
mhLSyU,False,False,False
vgu5j1,False,False,False
83pJ57,False,False,False
fgx3tJ,False,False,False
tnbgH9,False,False,False
QyLZqS,False,False,False
8WShHb,False,False,False
1qBVwm,False,False,False
xPeY5y,False,False,False
THj1wA,False,False,False
CVsbrq,False,False,False
5bhTFa,False,False,False
cjezWI,False,False,False
ktzHsD,False,False,False
icQKQ5,False,False,False
pQKpAk,False,False,False
6lvCDg,False,False,False
q8gTSV,False,False,False
RgxbAu,False,False,False
EQpDDa,False,False,False
BIveLb,False,False,False
6rn63L,False,False,False
5It7p8,False,False,False
X2R5HH,False,False,False
HfQOVx,False,False,False
bvUzhf,False,False,False
Toh2BM,False,False,False
hUqBZf,False,False,False
OEm8LW,False,False,False
W1uL0l,False,False,False
qJFLzr,False,False,False
e1pLSC,False,False,False
TbaCG5,False,False,False
0gJ6ll,False,False,False
yKQ1ta,False,False,False
u5Uo0c,False,False,False
3dgbi7,False,False,False
hmKvvN,False,False,False
j87DYs,False,False,False
6XN1ZC,False,False,False
5UzWFe,False,False,False
XiyTr8,False,False,False
UAacoB,True,False,True
u9KFYt,False,False,False
XQa5ZS,False,False,False
O4l4oh,False,False,False
MR1lTV,False,False,False
mguS4P,False,False,False
7DyG9s,False,False,False
WeluLg,False,False,False
cPgTpa,False,False,False
S5fyFe,False,False,False
3ern5A,False,False,False
3RtALg,False,False,False
rfYEmR,False,True,True
xQqMDL,False,False,False
nY5FnF,False,False,False
x4RTOK,False,False,False
VDyRjV,False,False,False
YegAQ0,False,False,False
OJmx5n,True,False,True
upNrm3,False,False,False
SeUOTo,False,False,False
TyHcko,False,False,False
QZw3wR,False,False,False
EjvuJS,False,False,False
tbmg31,False,False,False
b55WT8,False,False,False
suobmo,False,False,False
jZ00mf,False,False,False
Xl8Hpm,False,False,False
Un64Xg,False,False,False
KareFQ,False,False,False
d9lnwd,False,False,False
IktXRb,False,False,False
G5aQqC,False,False,False
cx5itp,False,False,False
JEzE7r,False,False,False
vhtycM,False,False,False
ZdWyuz,False,False,False
5ppUpw,False,False,False
Y7cZBk,False,False,False
V0AgmY,False,False,False
N3wnls,False,False,False
BezDpN,False,False,False
4X7A71,False,False,False
yHxV19,False,False,False
BfogWp,False,False,False
9Z2WcO,False,False,False
YDM0ii,False,False,False
XPiggG,True,False,True
KFzKjH,False,False,False
xBiEnj,False,False,False
0X4ltU,False,False,False
Ih3RBI,False,False,False
BnP5QY,False,False,False
xFrEBJ,False,False,False
YbQ5Id,False,False,False
OtMRcG,False,False,False
tPBQZh,False,False,False
6nBkgV,False,False,False
D8PPDh,False,False,False
n0FhxM,False,False,False
cKe0Z1,False,False,False
FesDae,False,False,False
1KJ6Ds,False,False,False
YlZGLK,False,False,False
f7RB2j,False,False,False
ez07or,False,False,False
l5J7rq,False,False,False
SAMRfn,False,False,False
XJDTXZ,False,False,False
Ne6igC,False,False,False
BQNGUk,False,False,False
KgYsIx,False,False,False
lek9OY,False,False,False
Jbsp8h,False,False,False
Uypxhn,False,False,False
4N7nHf,False,True,True
pYcSSW,False,False,False
bUaVQa,False,False,False
cis7oL,False,False,False
J9Ksqq,False,False,False
crolJR,False,False,False
IbNa1R,False,False,False
vBiSN2,False,False,False
trpR4q,False,False,False
GNrPdC,False,False,False
fOYB0G,True,False,True
8mtfV5,False,False,False
ng5b5N,False,False,False
4cEeg2,False,False,False
xghX3L,False,False,False
w1Vop4,False,False,False
gnleAI,False,False,False
lyRYjH,False,False,False
1Ych9x,False,False,False
hivhF5,False,False,False
f2AoUg,False,False,False
tJGXAe,False,False,False
h6Xmb1,False,False,False
By690T,False,False,False
rcHXDF,False,False,False
Givhdf,False,False,False
8s17NG,False,False,False
uPjQ2k,False,False,False
LefTHS,False,False,False
dA6F8e,False,False,False
lSh3lo,False,False,False
PZe0wB,False,False,False
1kDHi7,False,False,False
uSUKZ1,False,False,False
dE6x3d,False,False,False
RhCfj8,False,False,False
BnXBAq,False,False,False
IrzW0m,False,False,False
ZkcnmY,False,False,False
ong0Sb,False,False,False
Bt6yys,False,False,False
uklDHK,False,False,False
2NBi34,False,False,False
fvqUPi,False,False,False
5AJFwf,False,False,False
mCOJ99,False,False,False
yZcc0d,False,False,False
hHlC2T,False,False,False
gpmxVa,False,False,False
7NQdvw,False,False,False
SPeex4,False,False,False
YtEcOL,False,False,False
9J2eNX,False,False,False
afVAoA,False,False,False
2nseuQ,False,False,False
bu4iOC,False,False,False
O5G8ve,False,False,False
It7YMz,False,False,False
TNUaRs,False,False,False
VMolxz,False,False,False
8WUSlL,False,False,False
rT4mnc,False,False,False
La8AnW,False,False,False
fhCfdg,False,False,False
QGkL0S,False,False,False
7Q6kHz,False,False,False
KRcb0N,False,False,False
mHjC3H,False,False,False
QjrXvU,False,False,False
ecCLP7,False,False,False
J9AFgB,False,False,False
T1M0il,False,False,False
qtFLPK,False,False,False
X6L4Tf,False,False,False
TWfXii,False,False,False
t2Ieq5,False,False,False
AsaGLq,False,False,False
pgnQjw,False,False,False
ghZQMl,False,False,False
VUQbLZ,False,False,False
wdCE20,False,False,False
Wen1BD,False,False,False
GLvu4e,False,False,False
yS9K3B,False,False,False
dOwZej,False,False,False
KjYSbz,False,False,False
hTYkjL,False,False,False
o4ZnHo,False,False,False
dL1XZT,False,False,False
z6LiaL,False,False,False
Sozja0,False,False,False
DKiKMy,False,False,False
oA8Wvd,False,False,False
SP7siQ,False,False,False
SY7inl,False,False,False
gXQdDQ,False,False,False
Q9LnTO,False,False,False
hSYUj4,False,False,False
y5kDBw,False,False,False
az3NoL,False,False,False
BAKf7C,False,False,False
NlCHW4,False,False,False
f6kgIJ,False,False,False
OWhKR5,False,False,False
X4yOPm,False,False,False
s2AgCi,False,False,False
wb4xXo,False,False,False
JYnrw2,False,False,False
onDhav,False,False,False
txTKxP,False,False,False
2ANGUk,False,True,True
Hff77i,False,False,False
hoVDSy,False,False,False
Mgmcu2,False,False,False
nSFBeZ,False,False,False
6gJi7l,False,False,False
NTsBNF,False,False,False
DNMhk8,False,False,False
mFA6qL,False,False,False
zBG6v4,False,False,False
eNHlK8,False,False,False
h4EQZY,False,False,False
Rt8oJp,False,False,False
6IikXM,False,False,False
jdao9e,False,False,False
SqL9H7,False,False,False
dd6BCG,False,False,False
5jTLyB,False,False,False
TAnyLo,False,False,False
OkNF3l,False,False,False
5oWkK3,False,False,False
eh8mtL,True,True,True
VCSaNp,False,False,False
MfjXPa,False,False,False
tuz5NI,False,False,False
dtIVps,False,False,False
WRBa04,False,False,False
InRq3h,False,False,False
s4VM2T,False,False,False
FP8NB1,False,False,False
nR2jCd,False,False,False
RWuLdG,False,False,False
qPbD59,False,False,False
eFIWhk,False,False,False
hUGwVz,False,False,False
77cdNu,False,False,False
3Lthbu,False,False,False
TR1DJA,False,False,False
rQKtdW,False,False,False
dcn6yK,False,False,False
QEr89T,False,False,False
4Va1l1,False,False,False
vC3gfh,False,False,False
KpZmAe,False,False,False
RSMqHL,False,False,False
7YWtBk,False,False,False
5n6FnA,False,False,False
fn9o5w,False,False,False
4T1XYn,False,False,False
8oKRfV,False,False,False
S48spZ,False,False,False
GE7UEW,False,False,False
zEiFzo,False,False,False
tLTBGz,False,False,False
8gTCGD,False,False,False
3Jpmdv,False,False,False
4fC7yD,False,False,False
Q4seTM,False,False,False
bxyDS2,False,False,False
O6a8ml,False,False,False
4H2oPh,False,False,False
mnrSnJ,False,False,False
p5AirG,False,False,False
o2zFpx,False,False,False
VtPGnR,False,False,False
z8ay1F,False,False,False
Uld7G6,False,False,False
Mk6lmK,False,False,False
Md3oLI,False,False,False
ZRMBAT,False,False,False
y9RaM8,False,False,False
v5fySL,True,False,True
wP2x0b,False,False,False
NPAPBa,False,False,False
yyMgW5,False,False,False
paMFM8,False,False,False
vKrsLr,False,False,False
0gVPoM,False,False,False
MxLBKe,False,False,False
3RAk2m,False,False,False
rMpbfw,False,False,False
twjKu6,False,False,False
DIztfN,False,False,False
tmGa9Q,False,False,False
3dNdur,False,False,False
3pcwYh,False,False,False
OvIQ6U,False,False,False
aaJKPZ,False,False,False
EbRRcL,False,False,False
AEXcRH,False,False,False
iQGUcS,False,False,False
Gfs6vK,False,False,False
zqaCFX,False,False,False
rYkBW7,False,False,False
YDWid3,False,False,False
IVi4xA,False,False,False
RJACwY,False,False,False
uIColI,False,False,False
6xjBLF,False,False,False
0L8Sxf,False,False,False
yEfDvq,False,False,False
wcFL3R,False,False,False
Pw2zlH,False,False,False
bDaE21,False,False,False
pWbNRu,False,False,False
q2COWc,False,False,False
QKJvav,False,False,False
fjJyDN,False,False,False
SsbnvA,False,False,False
VuYGHD,False,False,False
ccyT9E,False,False,False
IW9oPf,False,False,False
n9Upju,False,False,False
vjkx7H,False,False,False
N5JOLz,False,False,False
IFE3dJ,False,False,False
OTWzyg,False,False,False
xwIy5D,False,False,False
Z30Ghq,False,False,False
bQ4D6Z,False,False,False
YOELPf,False,False,False
BHQxpx,False,False,False
cAQykk,False,False,False
65GE44,False,False,False
IaPDK4,False,False,False
PjQxiY,False,False,False
jG9IK7,False,False,False
iAF84v,False,False,False
QaFftn,False,False,False
RjsBAA,False,False,False
e0QUCA,False,False,False
CQ6jei,False,False,False
gGvQWC,False,False,False
wSNX3I,False,False,False
hTyomo,False,False,False
q2YUOT,False,False,False
Jf6CtY,False,False,False
uriPhQ,False,False,False
IaYrAN,False,False,False
tB2eap,False,False,False
Avvdvm,False,False,False
P5A3bM,False,False,False
ssO473,False,False,False
S4pTYI,False,False,False
wTfTR7,False,False,False
mkKQFm,False,False,False
PeiMxR,False,False,False
7IONEE,False,False,False
80bgpU,False,False,False
RpsxY7,False,False,False
mo6ZWM,False,True,True
sgQEJL,False,False,False
D2bOam,False,False,False
8ccghn,False,False,False
OFOnSm,False,False,False
nVenwm,False,False,False
jgNpHU,False,False,False
DKcHMd,False,False,False
S1uWYr,False,False,False
ECm9uh,False,False,False
Q2ViQw,False,False,False
onS22f,False,False,False
3SiLAp,True,False,True
Zs8LlN,False,False,False
mC2QVS,False,False,False
jbM7YQ,False,False,False
6kV3Cq,False,False,False
060d6p,False,False,False
9ZyfXd,False,False,False
e2tNnK,False,False,False
Ohl4Ty,False,False,False
RJPsPF,False,False,False
hkFLEy,False,False,False
JjcqnM,False,False,False
NIodQQ,False,False,False
KOqxcH,False,False,False
Wp4MmA,False,False,False
GiNMOo,False,False,False
BzRAAN,False,False,False
sLbm8z,False,False,False
KuvGgO,False,False,False
qotMOR,False,False,False
KFQrgN,False,False,False
Qh35ky,False,False,False
MB35IH,False,False,False
q7hfDk,False,False,False
D6Suon,False,False,False
JhaSzY,False,False,False
zGzV9G,False,False,False
fqFAP1,False,False,False
v2X63a,False,False,False
xAo3gj,False,False,False
EMn3Hq,False,False,False
M6dPIt,False,False,False
TGQte7,False,False,False
m60EjZ,False,False,False
ILG0fh,False,False,False
z8D9v3,False,False,False
ZrraZ4,False,False,False
b6TNPS,False,False,False
OvGddT,False,False,False
UuGBGW,False,False,False
aNGooD,False,False,False
UBSgtq,False,False,False
UtDva7,False,False,False
mV6DuW,False,False,False
6WfENn,False,False,False
TBZsxc,False,False,False
rsBUUx,False,False,False
kZT6G6,False,False,False
hjWiEZ,False,False,False
vOFOup,False,False,False
ZJCS9L,False,False,False
tKhKhz,False,False,False
JK4Jzb,True,False,True
vxUV4C,False,False,False
rzUNyi,False,False,False
eT1rem,False,False,False
o4lYgH,False,False,False
yipIwm,False,False,False
iKjlAN,False,False,False
0UDVWl,False,False,False
d8UAKj,False,False,False
F1DmdT,False,False,False
5zvtyV,False,False,False
8B22uS,False,False,False
H9sabf,False,True,True
XEOA88,False,False,False
XGHe4C,False,False,False
f3ywtT,False,False,False
LAvHTs,False,False,False
KYzAa4,False,False,False
pZO6GU,False,False,False
EtgmdT,False,False,False
6sDr4w,False,False,False
evh9XZ,False,False,False
pIBNQ7,False,False,False
P5vB4P,False,False,False
5GU7iH,False,False,False
zH0nzb,True,False,True
Z3QOkn,False,False,False
BgSs2w,False,False,False
KXdqC7,False,False,False
gGTZwJ,False,False,False
L2rgmw,False,False,False
PPqAbg,False,False,False
JxriDJ,False,False,False
Xh6dAJ,False,False,False
0fUhuT,False,False,False
ESb8G6,False,False,False
jeeoEu,False,False,False
L7LVMK,False,False,False
hqFwTD,False,False,False
ykDbYI,False,False,False
VX3jMS,False,False,False
zEaUoe,False,False,False
zCzcLP,False,False,False
Lv1H40,False,False,False
bN0LML,False,False,False
d9Y9mi,False,False,False
Vh5IM4,False,False,False
s61sLO,False,False,False
sbsgs8,False,False,False
l8n7Am,False,False,False
oqyHGV,False,False,False
DINs0W,False,False,False
LOX9vG,False,False,False
hQfNPt,False,False,False
eufxTp,False,False,False
qH2t2f,False,False,False
lzy2U3,False,False,False
Jidmq3,False,False,False
dealK4,False,False,False
FUteew,False,False,False
r9Hz0A,False,False,False
IgBfxl,True,False,True
NgzRAp,False,False,False
VHFdAJ,False,False,False
qNTEID,True,True,True
5akQGL,False,False,False
VvN8F7,False,False,False
RX72KR,False,False,False
TxyLqL,False,False,False
4C1AqI,False,False,False
ls0SAZ,False,False,False
ruEWZl,False,False,False
w4OtSw,False,False,False
DgyRKf,False,False,False
EtXMqM,False,False,False
MANYmy,False,False,False
JsO6UV,False,False,False
timO8Z,False,False,False
weQQ9a,False,False,False
piiLTP,False,False,False
D6qKhl,False,False,False
HSOT3k,False,False,False
Do39Hj,False,False,False
2AkZAH,False,False,False
M25J8w,False,False,False
8dGJCg,False,False,False
3UbCRZ,False,False,False
gE8mLl,False,False,False
rrHP3D,False,False,False
D8Zguj,False,False,False
CIf8aL,True,False,True
6HAzJZ,False,False,False
sbsAtY,False,False,False
TfOAWK,False,False,False
EjVC2r,False,False,False
4u63EN,False,False,False
xRiUXi,False,False,False
bcbvkp,False,False,False
OCoVmy,False,False,False
AmmAk1,False,False,False
2e2C0i,False,False,False
0DeqwN,False,False,False
wzqPlQ,False,False,False
mzDyRv,False,False,False
HumosF,False,False,False
DTbwxE,False,False,False
fDPnip,False,False,False
2KXI7i,False,False,False
R1V7ZS,False,False,False
9Oybn0,False,False,False
lcXlix,False,False,False
s9zhOn,False,False,False
F41vvI,False,False,False
X4G6ze,False,False,False
b3egx9,False,False,False
G9Fcc2,False,False,False
c1m8Jm,False,False,False
oJ8KJ3,False,False,False
Ly21oi,False,False,False
dn4tRH,False,False,False
JvdIvu,False,False,False
YDHx5x,False,False,False
XkQSid,False,False,False
yWRmw3,False,False,False
oa5HZo,False,False,False
iNxWEO,False,False,False
bdPbHd,False,False,False
2guTtD,False,False,False
antRoP,False,False,False
PrJc9E,False,False,False
SoSPfq,False,False,False
R52D0O,False,False,False
P1uTEH,False,False,False
UyIAbs,False,False,False
RGyNYZ,False,False,False
5jt3Iz,False,False,False
PPylzR,True,True,True
xeQnMq,False,False,False
uGCCUU,False,False,False
fagRtY,False,False,False
pdqZ5p,False,False,False
HD8W0N,False,False,False
QOPY40,False,False,False
YTcCIi,False,False,False
PrSu3j,False,False,False
bUBedw,False,False,False
30AWJr,False,False,False
GfwRZI,False,False,False
6Ua3vm,True,False,True
o87on0,False,False,False
eixlcD,False,False,False
VblYpG,False,False,False
OsWuXX,False,False,False
lAeNiz,True,False,True
ArDTck,False,False,False
xlKGit,False,False,False
t2r6LY,False,False,False
msBrsQ,False,False,False
gftFc2,False,False,False
XJW76S,False,False,False
ZkHTIc,False,False,False
zCj3sa,False,False,False
Qdaskw,False,False,False
UsgowR,False,False,False
BM4PTP,False,False,False
IKVwYm,False,False,False
FTBaCE,False,True,True
qiOcjm,False,True,True
TZOefD,False,False,False
QOy8p6,False,False,False
0D8o65,False,False,False
N5tWAh,False,False,False
AksGpp,False,False,False
FxUzgR,False,True,True
kBY20A,False,False,False
TaZxng,False,False,False
adcOjj,False,False,False
Yk8uMQ,False,False,False
hPbbe0,False,False,False
J8VgIo,False,False,False
1DlVAf,False,False,False
Rq5RU2,True,False,True
94xy0R,False,False,False
EyfmBQ,False,False,False
H7FAoN,False,False,False
GW9RU7,False,False,False
4KGgh5,False,False,False
7giexb,False,False,False
ar65VB,False,False,False
bZf5QJ,False,False,False
XLrseT,False,False,False
zLZdWG,False,False,False
dxfPxU,False,False,False
cR1nhV,False,False,False
80dAdz,False,False,False
u4W8SV,False,False,False
3iBevF,False,False,False
GnuNtq,False,False,False
qD3cIP,False,False,False
DQZuVJ,False,False,False
nPr9P0,False,False,False
Lmfl0f,False,False,False
6icPpu,False,False,False
yaenNb,False,False,False
EelzYv,False,False,False
eGBkLF,False,False,False
oWHBTV,False,False,False
P0XIxa,False,False,False
UBEolj,False,False,False
bhP9qo,False,False,False
Au6nfi,False,False,False
u0rars,False,False,False
zOLyGv,False,False,False
ZHAQ2p,True,False,True
QKzXj2,False,False,False
GjDOTr,False,False,False
ZR4spd,False,False,False
H9PMiH,False,False,False
p7aIpH,False,False,False
Asunxt,False,False,False
ViFB1c,False,False,False
XRYyue,False,False,False
T7wzfu,False,False,False
N3gT51,False,False,False
IV8s1J,False,False,False
tgkHN7,False,False,False
YaogTi,False,False,False
isUgg8,False,False,False
c5xS1h,False,False,False
rpU286,False,False,False
8mhQeQ,False,False,False
5W54o6,False,False,False
r62AiH,False,False,False
x7ui25,False,False,False
4Zzo7L,False,False,False
seC85W,False,False,False
u6RCUr,False,False,False
fDM52u,False,False,False
lAOwxr,False,False,False
azsJ2e,False,False,False
Ilymve,False,False,False
CTlgCZ,False,False,False
1jQfy3,False,False,False
ijFDcH,False,False,False
ccjoK2,False,False,False
bB1c6g,True,False,True
BC1nFA,False,False,False
xIhUC7,False,False,False
ByYi9O,False,False,False
bkeHTb,False,False,False
WFQBZ4,False,False,False
yR9CA0,False,False,False
mZbK4m,False,False,False
Bx5ozf,False,False,False
e87Uqq,False,False,False
nS3U6o,False,False,False
sKDPnW,False,False,False
QFM2BS,False,False,False
OtsopF,False,False,False
x9czDU,False,False,False
BOkzDH,False,False,False
3nWoD0,False,False,False
qfm0jF,False,False,False
AcRySN,False,False,False
knyk2B,True,False,True
qOXPR3,False,False,False
o7hSr9,False,False,False
E7z7VD,False,False,False
cV50aZ,False,False,False
42nDnY,False,False,False
xF4S4a,False,False,False
5hHU5j,False,False,False
KZVNED,False,False,False
9b6lxw,False,False,False
pOX77Y,False,False,False
ZyAMkr,False,False,False
cTSRjw,False,False,False
hjvMLc,False,False,False
gq5DFG,False,False,False
RZQeJM,False,False,False
it5fwM,False,False,False
OGhO2L,False,False,False
P5yaWN,True,False,True
3mUn0r,False,False,False
93rkCd,False,False,False
GdFqPd,False,False,False
T947XU,False,False,False
lqp57G,False,False,False
lyu9cV,False,False,False
HmceXv,False,False,False
3mv39x,False,False,False
NrK8eN,False,False,False
PCWeJB,True,False,True
HJWHTa,False,False,False
xFQkcx,False,False,False
k685dc,False,False,False
eQdyxO,False,False,False
fRQ40i,False,False,False
fFKdFc,False,False,False
Ld6p6X,False,False,False
DmiSo3,False,False,False
1VO1K2,False,False,False
WqkXDf,False,False,False
eQJqeX,False,False,False
xyG0b1,False,False,False
pkpDOX,False,False,False
HiahZQ,False,False,False
ACnUhO,False,False,False
GKP1hs,False,False,False
Lc4Vh3,False,False,False
vm8Yy6,True,False,True
299VXb,False,False,False
4ubzj3,False,False,False
Fg6Woa,False,False,False
T0u7Jg,False,False,False
kgaDN6,False,False,False
GAchLD,False,False,False
3quG75,False,False,False
aegEos,False,False,False
UF1ZWN,False,False,False
Dqy3EN,False,False,False
eoWxXF,False,False,False
4XsKrA,False,False,False
qVuaIV,False,False,False
CV7OM4,False,False,False
NnK6F5,False,False,False
rPKLUM,False,False,False
M8XbYn,False,False,False
67PQur,False,False,False
CyP1nI,False,True,True
ZmqM8o,False,False,False
v6U5I0,False,False,False
gEFgWH,False,False,False
4NlbHI,False,False,False
3okJ8s,False,False,False
jTmHMq,False,False,False
Icloa1,False,False,False
B7jUHZ,True,False,True
uwh2UV,False,False,False
iNkQjH,False,False,False
vslfU2,False,False,False
srEoch,False,False,False
IF2a5O,True,False,True
1MsGK6,False,False,False
w3XmAv,False,False,False
7ZxYZC,False,False,False
lYwU8P,False,False,False
DItmfB,False,False,False
tVgJCU,False,False,False
OFAYbq,False,False,False
4fLHh9,False,False,False
e3KxJ6,False,False,False
bllSuf,False,False,False
q8RYZT,False,False,False
e3czXx,True,False,True
JAcMSn,False,False,False
XGrB85,False,False,False
9alD3c,False,False,False
JDkZuX,False,False,False
YYzaiK,False,False,False
aZ0Jh9,False,False,False
EFJe9V,False,False,False
WgCbnH,False,False,False
A1spMm,False,False,False
6DYGbH,False,False,False
oaW3qc,False,False,False
EQmm42,False,False,False
txs587,False,False,False
b691OH,False,False,False
XJ1Qw3,False,False,False
7LiAfI,False,False,False
te7LN8,False,False,False
NfasTl,False,False,False
JeupGL,False,False,False
fvOcC7,False,False,False
zP7XBO,False,False,False
xdBPiK,False,False,False
K0ejpq,False,False,False
IuqXDj,False,False,False
MeEGIX,False,False,False
0B6tjR,False,False,False
79Nj3K,False,False,False
DgUC9E,False,False,False
aF4fem,False,False,False
eP76Xd,False,False,False
OTeC0B,True,False,True
xyQc4t,False,False,False
L8ddh9,False,False,False
Ru9Bc9,False,False,False
LrTKTe,True,False,True
c3bZ5W,False,False,False
JK9IRR,False,False,False
O4nBYV,False,False,False
S3zIBe,True,True,True
BfbGva,False,False,False
wVmPeH,False,False,False
P0kiom,False,False,False
DoOhpr,False,False,False
y53E3K,False,False,False
HqCtDK,False,False,False
R7Eg4m,False,False,False
S6BhDG,False,False,False
xVsyYt,False,False,False
h95kTR,False,False,False
Jd9C15,False,False,False
P7hHbc,False,False,False
0biTUk,False,False,False
m4sY7S,False,False,False
hv5m8W,False,False,False
zbDpnB,False,False,False
DD1w6X,False,False,False
67kEnM,False,False,False
0Nr1qZ,False,False,False
16gB5M,False,False,False
JYIlCB,False,False,False
u4c6WD,False,False,False
dNz69y,False,False,False
X1S0g8,False,False,False
J61dff,False,False,False
Byur85,False,False,False
qJtD1m,False,False,False
hlWr4K,False,False,False
KiTzPm,False,False,False
wG7Eje,False,False,False
13xWGv,False,False,False
hOZA7Z,False,False,False
BQvs6f,False,False,False
KMFFhE,False,False,False
32Icdr,False,False,False
tdJmw3,False,False,False
nSZhD8,True,False,True
4XDiMp,False,False,False
0tuLKX,False,False,False
s21mFb,False,False,False
kQTUvz,False,False,False
fBzd7E,False,False,False
F7oV4I,False,False,False
SzXNOJ,False,False,False
ve0RyE,False,False,False
XTXwhx,False,False,False
V8zeic,False,False,False
tvWMdo,False,False,False
1l3Kna,False,False,False
nNpZXU,False,False,False
rHIqom,False,False,False
x996zf,False,False,False
PNgXMp,False,False,False
IEtCCR,False,False,False
2rbWN4,False,False,False
tiySel,False,False,False
OMIcvm,False,False,False
Bj9Pmt,False,False,False
gwfVgj,False,False,False
ZO1hzp,False,False,False
HbKClY,False,False,False
nsMiTO,False,False,False
gKkdPA,False,True,True
UH70py,False,False,False
EV9EIK,False,False,False
6Jzwtb,False,False,False
Af7Hi5,False,False,False
8KLxeX,False,False,False
26XqPG,False,False,False
Ai4WSw,True,True,True
HrtqOy,False,False,False
zn6xZE,True,False,True
UweYI5,False,False,False
2xfWmN,False,False,False
qQ647X,False,False,False
opjyL8,False,False,False
mLFKb7,False,False,False
ZD7sg9,False,False,False
aLZWND,False,False,False
QZUDVt,False,False,False
KteTUg,False,False,False
IQvwSl,False,False,False
oJUHik,False,False,False
e2XXFr,False,False,False
kGlhL5,False,False,False
4Vx7zw,False,False,False
6KZyw0,False,False,False
SFKV33,False,False,False
0ZFhGf,False,False,False
EJ86Rk,False,False,False
eo35PR,False,False,False
Y12KtL,False,False,False
1fLTZw,False,False,False
Ac4gRn,True,False,True
eRLfWf,False,False,False
wlkTzb,False,False,False
gbVmaA,False,False,False
x6UX31,False,False,False
t5h16L,True,False,True
5Xp9XB,False,False,False
PmDEKH,False,False,False
67p32N,False,False,False
mdbm8K,False,False,False
aXQx2P,False,False,False
hQeiBY,False,False,False
zC13dy,False,False,False
TVKvIk,False,False,False
eIbSPW,False,False,False
PHOqLc,False,False,False
tP6wEg,False,False,False
k1rE2f,False,False,False
r4UmEd,False,False,False
8SOgua,False,False,False
TraI4H,False,False,False
DMUML6,False,False,False
wm6SCL,False,False,False
WyAtBT,False,False,False
JFutTl,False,False,False
YxhxTG,False,False,False
W0ZQvW,False,False,False
69vHRP,False,False,False
fgWvwV,False,False,False
5GtWZm,False,False,False
8AzDjs,False,False,False
e9L7Dg,False,False,False
Begcex,False,False,False
Tu0gdW,False,False,False
lOywEB,True,False,True
xHvy1N,False,False,False
ALLpX1,False,True,True
xq8kUB,False,False,False
NXCZFx,False,False,False
A3EH64,False,False,False
3fG7SR,False,False,False
i0P1r0,True,False,True
RptAm6,False,False,False
pay8QD,False,False,False
TmzS0X,False,False,False
OsnGNK,False,False,False
LizVl9,False,False,False
L0UKSi,False,False,False
GqQAu8,False,False,False
y6xyJz,False,False,False
bp9QGb,False,False,False
VblTVB,False,False,False
nmcoCR,False,False,False
IjGdij,False,False,False
6xnvph,False,False,False
WR6CGP,False,False,False
ybNDNz,False,False,False
o25Oap,False,False,False
ZgOflG,False,False,False
YUq8RP,False,False,False
ke6kkT,False,False,False
PFxRRo,False,True,True
ZZNjPg,False,False,False
7SaEYP,False,False,False
tDIQk8,False,False,False
AQzoIb,False,False,False
gNmuyU,False,False,False
0cfBr7,False,False,False
ZY1o8S,False,False,False
ceTrXD,False,False,False
qa40KV,False,False,False
1i6AR4,False,False,False
Mroold,False,False,False
tphwFA,False,False,False
0eks1a,False,False,False
DMStQv,False,False,False
yN0RZf,False,False,False
7SwLL7,False,False,False
9fAowX,False,False,False
U6f3cQ,False,False,False
xsfs0f,False,False,False
nwcNig,False,False,False
KNfUOp,False,True,True
Sz2e96,False,False,False
WUTzyZ,False,False,False
LFNzTz,False,False,False
oNCIjg,False,False,False
t9wx6Q,False,False,False
tSdTFQ,False,False,False
6zU2Jx,False,False,False
3hiAwP,False,False,False
dZAhhU,False,False,False
Z2kpQO,False,False,False
iByT16,False,False,False
Gn7FNK,False,False,False
33sjCJ,False,False,False
B6pIof,False,False,False
6gVwsa,False,False,False
cp09XB,False,False,False
WeyicF,False,True,True
a8hKkh,False,False,False
LYimK6,False,False,False
HXipwS,False,False,False
b9nyxZ,False,False,False
5kD5Du,False,False,False
e4dEes,False,False,False
i5XJ3Z,False,False,False
B8cQPI,False,False,False
RYm9sn,False,False,False
qt8U3C,False,False,False
EJ6ilh,False,False,False
4k6vn7,False,False,False
z6vSMS,False,False,False
BYBghR,False,False,False
DfsV8T,False,False,False
cVPddD,False,False,False
LZ3e3Z,False,False,False
PgLo4D,False,False,False
9LH77q,False,False,False
0uwj3c,False,False,False
jh6PD9,False,False,False
zK6hCs,False,False,False
xSbFL4,False,False,False
Gq9yaM,False,False,False
gepQqf,False,False,False
3QU4SE,False,False,False
1PqjbH,False,False,False
OaFECe,False,False,False
GCVH5f,False,False,False
nSZ0SV,False,False,False
vX3mnA,False,False,False
zaXVpR,False,False,False
nS23yP,False,False,False
zyEu26,False,False,False
tqDI5l,False,False,False
aQXC9O,False,False,False
P903C1,False,False,False
tOYyZX,False,False,False
auUdz2,False,False,False
k1cFrR,False,False,False
QE207r,False,False,False
uDMtGE,False,False,False
fbZEAZ,False,False,False
kbxeEZ,False,False,False
nGYYvY,False,False,False
uNUr3U,False,False,False
3291TI,False,False,False
6YFOF9,False,False,False
9tQU5g,False,False,False
6DQq6Y,False,False,False
RDEAra,False,False,False
Z7mLK3,False,False,False
BAQ6PM,False,False,False
aKIQkD,False,False,False
XmW7Cv,False,False,False
Thr767,False,False,False
za9kMD,False,False,False
VlwwB9,False,False,False
cZjRqj,False,True,True
HqeJGc,False,False,False
LMbZHf,False,False,False
UOTBti,False,False,False
R2tRV0,False,False,False
y0Q4RZ,False,False,False
YOuUAZ,False,False,False
DQ2vmD,False,False,False
7ZtzI8,False,False,False
ji34s7,False,False,False
cLGWxs,False,False,False
e2OKAk,False,False,False
4hAsHk,False,False,False
Wb2Sbk,False,False,False
g7BwLi,False,False,False
941kFR,False,False,False
q7VCsn,False,False,False
ZwvceV,False,False,False
1DNfGu,False,False,False
qOI6Ip,False,False,False
1ozDtX,False,False,False
J3lbuy,False,False,False
EuQ6No,False,False,False
tlgVPS,False,False,False
rkwB3y,False,False,False
J5VWoT,False,False,False
gd8AUt,False,False,False
6oVYt0,False,False,False
dMxY8n,False,False,False
eqa4CF,False,False,False
SOgppW,False,False,False
0unqfz,False,False,False
YYvju8,False,False,False
EuFm8b,False,False,False
K6CYCw,False,False,False
Ok1yNt,False,False,False
9vCM3W,False,False,False
rzblEI,False,False,False
nIqryj,False,False,False
h5vZOd,False,False,False
swBFAw,False,False,False
kVKTnd,False,False,False
y02Kya,False,False,False
8DUCH4,False,False,False
qsmkFL,False,False,False
WR2Uzy,True,False,True
hPFLue,False,False,False
fnmzEW,False,False,False
9O1zGh,False,False,False
rHGZIR,False,False,False
AlALQE,False,False,False
ewLpdw,False,False,False
F4lmvZ,False,False,False
6PCTXT,False,False,False
YywH6B,False,False,False
8GMkEm,False,False,False
dOe7ng,False,False,False
MVQJhe,False,False,False
ayotwi,False,False,False
ufpaTY,False,False,False
QnYqJf,False,False,False
zFpDIz,False,False,False
01Xw0R,False,False,False
teu0ti,False,False,False
o1x5VT,False,False,False
AK24Zh,False,False,False
irVUA4,False,False,False
CYc55Q,False,False,False
zfDYvd,False,False,False
BW4O88,False,False,False
BPVwVm,False,False,False
th4iTY,False,False,False
InDmBo,False,False,False
XGkKGM,False,False,False
SLWiXL,False,False,False
JVvSnJ,False,False,False
3tSmcj,False,False,False
MgPa27,True,False,True
DFLnTk,False,False,False
kkoiAM,False,False,False
keGrOI,False,False,False
QECVuH,False,False,False
ZgnzAK,False,False,False
68uMte,False,False,False
RfjYGk,False,False,False
rfBiq2,False,False,False
StGg7n,False,False,False
PFw50u,False,False,False
y5JQif,False,False,False
E8LQpu,False,False,False
O6FaPa,False,False,False
dMleXE,False,False,False
mBG5Iz,False,False,False
pTSQt8,False,False,False
ZS47ES,False,False,False
Rh81PW,False,False,False
laLuXN,False,False,False
7HrOoa,False,False,False
E7Otxb,False,False,False
T8lBYq,False,False,False
5U02f1,False,False,False
oHPWqz,False,False,False
wpFInh,False,False,False
YfSuPe,False,False,False
EEqI5H,False,False,False
ePr7Vn,False,False,False
fTeotX,False,False,False
jzcARh,False,False,False
YlEI52,False,False,False
yJOCuS,False,False,False
3taXvi,False,False,False
XyEzMu,False,False,False
3Sc15Q,False,False,False
dpraZh,False,False,False
VTHc7h,False,False,False
hmrxPp,False,False,False
vKbwe6,False,False,False
Rvi0jD,False,False,False
DQh31N,False,False,False
7mO0dQ,False,False,False
X848SD,False,False,False
liaCVt,False,False,False
RLwFgU,False,False,False
2rHj5E,False,False,False
ZCgnFN,False,False,False
uUoWUq,False,False,False
xDnYl9,False,False,False
XUPB3b,False,True,True
YFp3rY,False,False,False
bBDd3E,False,False,False
BlV6B4,False,False,False
zCGTm8,False,False,False
FDiMMc,False,False,False
dz9BPm,False,False,False
4k7anL,False,False,False
DgNyLZ,False,False,False
Kg8AEy,False,False,False
ymTESJ,False,False,False
4kAgWN,False,False,False
tQ31gr,False,False,False
RnwqWe,False,False,False
eYVe8y,False,False,False
MRUson,False,True,True
dmpz6J,False,False,False
i8B4gN,False,False,False
XGg07f,False,False,False
j45ySg,False,False,False
XGTeGi,False,False,False
PX3NNj,False,False,False
LPpiAT,False,False,False
yGCLV7,False,False,False
oQI68U,False,False,False
f1STVx,False,False,False
hPrBkx,False,False,False
Cv2z8h,False,False,False
gfYly8,False,False,False
1FNDvK,False,False,False
ZPhqbG,False,False,False
CnHhwx,False,False,False
7jxYah,False,False,False
y4VqhU,False,False,False
c9YhpC,False,False,False
EzcbyR,False,False,False
V3K6kD,False,False,False
175VJe,False,False,False
unRl9Q,False,False,False
yKnVdV,False,False,False
kNbujS,False,False,False
1hsh3N,False,False,False
l5R1jk,False,False,False
g0nThv,False,False,False
IhXLFN,True,False,True
Ssm72E,False,False,False
9NwNZs,False,False,False
OYyXwe,False,False,False
cF1NZm,False,False,False
v6k130,False,False,False
gQOlEz,False,False,False
8fTsWU,False,False,False
woilPW,False,False,False
dmAwkm,False,True,True
GJ9277,False,False,False
i7lUNq,False,False,False
fwLCf2,False,False,False
o6h0Il,False,False,False
sNDBjV,False,False,False
YOrHYn,False,False,False
OSKrxv,False,False,False
2ktTSK,False,False,False
WwxFHu,False,False,False
7A5XbC,False,False,False
hvIlMq,False,False,False
ahaFNl,False,True,True
513ffL,False,False,False
MuDzRe,False,False,False
5pjowI,False,False,False
vUqNIh,False,False,False
MF8kPT,False,False,False
H8tUIW,False,False,False
VgKPJi,False,False,False
hGgtW9,False,False,False
Iu41FH,False,False,False
euxkty,False,False,False
LGD8TP,False,False,False
1Ztzst,False,False,False
yaunnW,False,False,False
uphLKM,False,False,False
Tvzz2I,False,False,False
dWUIEd,False,False,False
8cKIBL,False,False,False
GVmHA0,True,True,True
iRK9NH,False,False,False
0rCoCM,False,False,False
gVqh1h,False,False,False
aPEigA,False,False,False
Xk7aEq,True,False,True
jXILUC,False,False,False
5vEwzX,False,False,False
ciI4l2,False,False,False
fEstWr,False,False,False
OCfXHS,False,False,False
khcSvy,False,False,False
AIme3L,False,False,False
4esykt,False,False,False
xrcvoT,False,False,False
jXOYiI,False,False,False
5oX5To,False,False,False
GKKOYM,False,False,False
zwo8bh,False,False,False
pw0PBy,False,False,False
rTlXLM,False,False,False
ls0Axg,False,False,False
U3zqBz,False,False,False
Zy6krD,False,False,False
2O0eJY,False,False,False
d48taC,False,False,False
BVzrCh,False,False,False
IfIxfp,True,False,True
LUhMsL,False,False,False
fRcJKJ,False,False,False
uJ082Q,False,False,False
0KXwi3,False,False,False
iSTsIY,False,False,False
SWyDzE,False,False,False
hqtwqX,False,False,False
mHPVna,False,False,False
9ruCYv,False,False,False
TMvUu4,False,False,False
t45E5f,False,False,False
tTBZTg,False,False,False
CwKNYh,False,False,False
g3aaV0,False,False,False
9KADmR,False,False,False
sPBfbZ,False,False,False
AppdUF,False,False,False
AuSSlL,False,False,False
vka3PP,False,False,False
EetUez,False,False,False
1inT2h,False,False,False
jFRxzj,False,False,False
ZE7qpa,False,False,False
bEZRI4,False,False,False
FPlrNd,False,False,False
bnzHAT,False,False,False
cRsUxh,False,False,False
AakpCb,False,False,False
xtfeKt,False,False,False
XpA6oj,False,False,False
bclc5q,False,False,False
13hcD3,False,False,False
tZRHEp,False,False,False
onZbZB,False,False,False
gEZUBW,False,False,False
wQIAtV,False,False,False
A9Cak4,False,False,False
V97BGJ,False,False,False
cw5myg,False,False,False
y6Rszb,False,False,False
QZz64E,False,False,False
deNc1r,False,False,False
wlVvnK,False,False,False
zM4gAX,False,False,False
QPv7ii,False,False,False
f9h79Y,False,False,False
uX9HsA,False,False,False
piMz51,False,False,False
Vu6c6h,False,False,False
DAcWaB,False,False,False
YXRBTF,False,False,False
NjCw77,False,False,False
DL1yxf,False,False,False
x7pzyz,False,False,False
DhasMq,False,False,False
w3ZcRQ,False,False,False
xdKdFp,False,False,False
9HKjWe,False,False,False
3qmvg9,False,False,False
lPk5gl,False,False,False
4bvzbP,False,False,False
kaudJz,False,False,False
s3JVEg,False,False,False
7I2XcJ,False,False,False
utVxfY,False,False,False
fsfs1R,False,False,False
ImRIfk,False,False,False
kSnmz9,False,False,False
tMkMBf,False,False,False
s5eouD,False,False,False
oo6G5S,False,False,False
enk4I4,False,False,False
KBdKYI,False,False,False
DHI6KO,False,False,False
pXVF8F,False,False,False
7uv0AL,False,False,False
rMqljR,False,False,False
AEZ7Zt,False,False,False
kzYeZ4,False,False,False
TE28rq,False,False,False
fBeHdx,False,False,False
bWCozM,False,False,False
rW7k32,False,False,False
hJeoHQ,False,False,False
VGAkGY,False,False,False
slRCCG,False,False,False
eeGWNE,False,False,False
EUALQE,False,False,False
ApKn7X,False,False,False
VCT1HL,False,False,False
i0XTSe,False,False,False
1CViGk,True,False,True
JTST6M,False,False,False
K5v1Cm,False,False,False
s6Sdqh,False,False,False
YpAJTG,False,False,False
roDD1k,True,False,True
y0CQ9U,False,False,False
t1u21a,False,False,False
LoDwSA,False,False,False
PyKGRX,False,False,False
OAhaQy,False,False,False
19Oywm,False,False,False
OXROT4,False,False,False
RZ8r57,False,False,False
YN9Gs5,False,False,False
lfXJS2,False,False,False
Dzq7yB,False,False,False
zQzQNq,False,False,False
MZ3hD4,False,False,False
WocN6D,False,False,False
X96jjh,False,False,False
eICHTi,False,False,False
lCwk5n,False,False,False
hCUaTy,False,False,False
Xg3keS,False,False,False
nBJam1,False,False,False
y8R5zf,False,False,False
WxaX4Z,False,False,False
ltElrh,False,False,False
VAfskO,False,False,False
aT82Li,False,False,False
UizWUd,False,False,False
4ioKK4,False,False,False
RZ1K5c,False,False,False
caoJu4,False,False,False
Xu5whZ,False,False,False
x7wHX4,False,False,False
bDjbOE,False,False,False
qIaPOC,False,False,False
6lMcau,False,False,False
u3kzW2,False,False,False
vUtEoZ,False,False,False
uielb2,False,False,False
FwcDog,False,False,False
aJiBwj,False,False,False
ooFIcf,False,False,False
lVnjkl,False,False,False
Nk3cff,False,False,False
zk4MjV,False,False,False
7ntrKy,False,False,False
38LC2n,False,False,False
d2yH1i,False,False,False
axlWKb,False,False,False
JTAGBU,False,False,False
uUQi47,False,False,False
IRdKTt,False,False,False
3xB63Q,False,False,False
AJsOgm,False,False,False
H7FMYf,False,True,True
PMgv64,False,False,False
ozPut6,False,False,False
GlDvX7,False,False,False
uaN86G,False,False,False
tOMaCK,False,False,False
a8Xtvo,False,False,False
s0ConF,False,True,True
wfCR8h,True,False,True
xyci3E,False,False,False
ZzIvpZ,False,False,False
M0gybT,False,False,False
GuE6va,False,False,False
C7IbU0,False,False,False
a9sHgT,False,False,False
v1v3ov,False,False,False
BfBYZi,False,False,False
isPd9R,False,False,False
BQbJ8j,False,False,False
GcQoha,False,False,False
03clQC,False,False,False
G1os5k,False,False,False
37ORsc,False,True,True
Fccet6,False,False,False
rhnp3M,False,False,False
g22ZJB,False,False,False
jzw9Jj,False,False,False
R3DxCo,False,False,False
M7VHEC,False,False,False
ShmmYG,False,False,False
0gtkeC,False,False,False
YxTsmx,False,False,False
lYSVhB,False,False,False
Z2Y1CC,False,False,False
McDgRi,False,False,False
c5N2tv,False,False,False
354cw3,False,False,False
glZUS7,False,False,False
S1T27Z,False,False,False
5uYyht,False,False,False
Z4RwIH,False,False,False
s8oVEz,False,False,False
nbLPmp,False,False,False
ObTqO3,False,False,False
aamGU9,False,False,False
8azJGn,False,False,False
nAcsU4,False,False,False
BbO2iL,False,False,False
bFMDWN,False,False,False
P2lpcc,False,False,False
YAyAiF,False,False,False
0E2fFq,False,True,True
pNzdE0,False,False,False
FWgJew,False,False,False
7y3VqN,False,False,False
raAU79,False,False,False
ZdVDds,False,False,False
dTRQRH,False,False,False
zPcECI,False,False,False
mrznnm,False,False,False
DGe7YC,False,False,False
ndbsN9,False,False,False
QOsA0F,False,False,False
k9Hbhy,False,False,False
mV28oH,False,False,False
IZ19vg,False,False,False
Ocf4TZ,False,False,False
W8YHJw,False,False,False
94GBI5,False,False,False
Kh1vec,False,False,False
6Db9qO,False,False,False
yKyWQt,False,False,False
uFcteM,False,False,False
QLo8Jf,False,False,False
QbrSeo,False,False,False
Vx3UgQ,False,False,False
yxjcbx,False,False,False
jx3mRx,False,False,False
LdStOF,False,False,False
z3o5My,False,False,False
VD2Lms,False,False,False
HjvqOx,False,False,False
bNtRwx,False,False,False
tbS05s,False,False,False
SR3EY0,False,False,False
ueENJq,False,False,False
txbM8W,False,False,False
SWsiFJ,False,False,False
EQg23H,False,False,False
ehO1qX,False,False,False
I2FHQK,False,False,False
0m6DG4,False,False,False
kqTONH,False,False,False
9lZG3P,False,False,False
J9iUPU,False,False,False
tykxza,False,False,False
UEaQu1,False,False,False
GMyTPY,False,False,False
OngE1i,False,False,False
ehRo7d,False,False,False
MtRNuw,False,False,False
37D3YM,False,False,False
xyIrL0,False,False,False
zvd7Yc,False,False,False
D91YkE,False,False,False
1qfy5N,False,False,False
XfEO35,False,False,False
fYv1ZT,False,False,False
AsYWTa,False,False,False
6HNjnS,False,False,False
SdEgbo,False,False,False
Pj032Z,False,False,False
x65uL2,False,False,False
jYldIJ,False,False,False
e0VWF9,False,False,False
GH5wHx,False,False,False
FXqkpO,False,False,False
iaQVNF,False,False,False
aZ66vs,False,False,False
j4rXjD,False,False,False
TzwsYZ,False,False,False
NLldfb,False,False,False
2aiXnF,False,False,False
l77z55,False,False,False
5geIKR,False,False,False
0Nij6L,False,False,False
ZjpNcp,False,False,False
bCIztk,False,False,False
1sELp0,False,False,False
kD3gRY,False,False,False
mZL4MS,False,False,False
mqgvek,False,False,False
eGfK4w,False,False,False
EhxCB8,False,False,False
ZHNlCM,False,False,False
7oPat2,True,False,True
HdjWf0,False,False,False
Ok9peO,False,False,False
tc07Yl,False,False,False
cLldOv,False,False,False
Ox1RMD,False,False,False
rCEtec,False,False,False
K8hZqu,False,False,False
lQsAuH,False,False,False
QqW0tq,False,False,False
mtfiWY,False,False,False
TfdoSi,False,False,False
u0UaX8,False,False,False
moRHUV,True,True,True
P1Q92h,False,False,False
bhz5A1,False,False,False
xiVSjB,False,False,False
yMRNMD,False,False,False
ZQmZqb,False,False,False
Tm5xcf,False,False,False
RvSzXa,False,False,False
JN1zdq,False,False,False
K05Mk7,False,False,False
rKdEJk,False,False,False
T3AH4q,False,False,False
62aChb,False,False,False
Fj4GTx,False,False,False
WfRVhZ,False,False,False
YTUtxQ,False,False,False
NOQ0aO,False,False,False
JnSYK0,False,False,False
WQRZp0,False,False,False
84zWhK,False,False,False
Som4XU,False,False,False
sy5WR5,False,False,False
6c0h6n,False,False,False
MgsY7c,False,False,False
hKvuaG,False,False,False
IAI0Fy,False,False,False
CA0yoE,False,False,False
6oMWxw,False,True,True
OppyjR,False,False,False
rbiVGO,False,False,False
OBngSN,False,False,False
kzxs60,False,False,False
YrFrJK,False,False,False
M5NWZX,False,False,False
g4hLm5,False,False,False
QnIkTd,False,False,False
b5bmNB,False,False,False
ayLK7A,False,False,False
iZuJCS,False,False,False
pppgHF,False,False,False
pfeZc9,False,False,False
XRpXMR,False,False,False
vHSk00,False,False,False
VPpeD4,False,False,False
xp2mTR,False,False,False
C3DYFu,False,False,False
PVJFDN,False,False,False
eiHAyj,False,False,False
SKjDdr,False,False,False
cozZAW,False,False,False
6Wr7e4,False,False,False
ug59j6,False,False,False
4TZT5W,False,False,False
b6jjmT,False,False,False
hes0uZ,False,False,False
8EgyrY,False,False,False
J7wWoU,False,False,False
CnUBJp,False,False,False
hzzjIZ,False,False,False
aCcWBK,False,False,False
Eo8ohR,False,False,False
BzRinK,False,False,False
8lHWHe,False,False,False
jbfZ5d,False,False,False
qiq9d6,False,False,False
BdI2ON,False,False,False
eCfTab,False,True,True
0Xlieb,False,False,False
E9NQVN,False,False,False
rLpUdn,False,False,False
sEduBB,False,False,False
hK4Saq,False,False,False
L88mGC,False,False,False
5nupGW,False,False,False
vbrp7z,False,False,False
eg2MrJ,False,False,False
JLfWes,False,False,False
7EFCBy,False,False,False
OJUWm7,False,False,False
zpyn5F,False,False,False
lHkDgA,False,False,False
eljdQD,False,False,False
BElXLf,False,False,False
h1TXMG,False,False,False
yxQawR,False,False,False
861zh2,False,False,False
b9vjLx,False,False,False
vmVWUz,False,False,False
qFDQec,False,False,False
2qaoHt,False,False,False
OKnnzK,False,False,False
E3VvaT,False,False,False
YxA8DJ,False,False,False
nIjz2p,False,False,False
mOLODN,True,False,True
srFJge,False,False,False
0wUZLW,False,False,False
Osoomn,False,False,False
JAx2ab,False,False,False
KzKE6Y,False,False,False
S30zM5,False,False,False
n3TTvm,False,False,False
5qulvp,False,False,False
ubEprE,False,False,False
BcQJLN,False,False,False
pYWZT0,False,False,False
AMxwIJ,False,False,False
WmR6yh,False,False,False
nPLsgp,False,False,False
b6e8Mp,False,False,False
R9tTqS,False,False,False
YM8fuZ,False,False,False
kYrLy9,False,False,False
aLh4dg,False,False,False
0GuEEc,False,False,False
OFxKwG,False,False,False
lxENms,False,False,False
pY6Clk,False,False,False
DoVbm5,False,False,False
MmGQ0b,False,False,False
LR8mnu,False,False,False
G0tz4c,False,False,False
cp5qyz,False,False,False
PjWuch,False,False,False
G7mlQU,False,False,False
3RAhDh,False,False,False
mF66fT,False,False,False
n3HVBd,False,False,False
DU1su1,False,False,False
aBbDNE,False,False,False
obIJEa,False,False,False
FiM8gi,False,False,False
Ze4tCw,False,False,False
VZMmBs,False,False,False
rRxbUi,False,False,False
8JcwL5,False,False,False
Go7JXk,False,False,False
PEwE0e,False,False,False
qlOa5L,False,False,False
6zp3Xe,False,False,False
yds2fE,False,False,False
ABarik,False,False,False
F8jR96,False,False,False
SfyjpW,False,False,False
H1O1DB,False,False,False
EhSCot,False,False,False
l13nnS,False,False,False
WB8elN,False,False,False
f5ViaK,False,False,False
SncD02,False,False,False
PsuNE9,False,False,False
bxXdfi,False,False,False
1iEt4F,False,False,False
0B14XE,False,False,False
oUxxcb,False,False,False
4gKMoS,False,False,False
AhcorB,False,False,False
db3aBy,False,False,False
wcLH0l,False,False,False
JZOFDd,False,False,False
p8k85a,False,False,False
k9hEqr,False,False,False
BuV9dn,False,False,False
eHBGij,False,False,False
1Bub6D,False,False,False
KJvcFP,False,False,False
runpIe,False,False,False
3CWozr,False,False,False
DTEnkY,False,False,False
G8IRvN,False,False,False
bbSIq4,False,False,False
AYSOO5,False,False,False
UxEVAU,False,False,False
U9GkkB,False,False,False
gjgGwz,False,False,False
2Y0A4I,False,False,False
RPYON6,False,False,False
4uas9L,False,False,False
aSOkv7,True,True,True
ieaJ9c,True,False,True
FaNmWz,False,False,False
UMMNdM,False,False,False
wzpcQn,False,False,False
MLM71Z,False,False,False
ykLpJ0,False,False,False
ROFRKO,True,False,True
15NucX,False,False,False
5rcrpL,False,False,False
3bgA67,False,False,False
W0I5vr,False,False,False
LRvEiG,False,False,False
YjTSWX,False,False,False
y12hOU,False,False,False
U6j3nc,False,False,False
v2vFD6,False,False,False
WqeCPI,False,False,False
gUvGZM,False,False,False
24xUyU,False,False,False
ptwExq,False,False,False
hBJT9q,False,False,False
ETpzhV,False,False,False
q1bIDS,False,False,False
6c9mT3,False,False,False
54OCUV,False,False,False
fEKFMu,False,False,False
ayGmF0,False,False,False
czTXcm,False,False,False
z2yz5h,False,False,False
0p2B0D,False,False,False
CKJY4o,False,False,False
KJuNMz,False,False,False
eB0fa3,False,False,False
fS9dtc,False,False,False
M1VlAQ,False,False,False
Sh1ijd,False,False,False
LvjOc9,False,False,False
Ok41yJ,False,False,False
pw9ZQD,False,False,False
VAsqsy,False,False,False
5ojhGO,False,False,False
QirXNB,False,False,False
Ah0VqW,False,False,False
mrZYBm,False,False,False
ziLhBW,False,False,False
vcd12L,False,False,False
WpwhKP,False,False,False
lrtD89,False,False,False
sdvFRD,False,False,False
pT5jKl,False,False,False
TTB68y,False,False,False
zv15WO,False,False,False
vPyDbl,False,False,False
dIbMWC,True,False,True
3liPr8,False,False,False
T8Uvzi,True,True,True
ML2TT9,False,False,False
hb69bN,False,False,False
9AMRsI,False,False,False
jVWbQU,False,False,False
8ev5wK,False,False,False
e7FJmu,False,False,False
fTCnyc,False,False,False
OtYRP6,False,False,False
diMHCy,False,False,False
1XrlBZ,False,False,False
dqgSs7,False,False,False
Z6AeEw,False,False,False
VBYdHi,False,False,False
u0nEr0,False,False,False
6IY4Jp,False,False,False
NcOdkk,False,False,False
61RKDz,False,False,False
GylKyc,False,False,False
ouuUsW,False,False,False
HrNW93,False,False,False
K9BsqZ,False,False,False
BZSi1K,False,False,False
OICQ5U,False,False,False
W03sFw,False,False,False
SlEg2c,False,False,False
ZnPtX4,False,False,False
qx5Vbz,False,False,False
YX38fw,False,False,False
iW1DQn,False,False,False
PD0OY4,False,False,False
UXmlWV,False,False,False
djIALJ,False,False,False
XrkcdN,False,False,False
rwTjWP,False,False,False
RTw3G7,False,False,False
JeyBs4,False,False,False
pdBh32,False,False,False
YZGGQ3,False,False,False
bFm6ft,False,False,False
l9x8SQ,False,False,False
ZbfelC,False,False,False
eEnUIW,False,False,False
kbWh9L,False,False,False
5RTfHv,False,False,False
zWhgvi,False,False,False
PK0MjU,False,False,False
wEtaHd,False,False,False
j8SMDI,False,False,False
rtIBvw,False,False,False
XnS4xL,False,False,False
6JQ2w0,False,False,False
Qk4TFE,False,False,False
xRfzEK,False,False,False
gtcBcb,False,False,False
HQxMOk,False,False,False
z3ogj4,False,False,False
o5bp6t,False,False,False
PZKNZz,False,False,False
LTRI92,False,False,False
5NPvxy,False,False,False
4moZ8n,False,False,False
t7dQoa,False,False,False
xvtvxA,False,False,False
vOWbiK,False,False,False
CqBYyi,False,False,False
npjOOO,False,False,False
8YSfAM,False,False,False
ll4vPF,False,False,False
pXSYP3,False,False,False
hblyQm,False,False,False
JmMPM7,False,False,False
YC2I01,False,True,True
vnbiS3,False,False,False
mSSKZ3,False,False,False
uHW368,False,False,False
i9oYCF,False,False,False
R0qa2v,False,False,False
25kCvS,False,False,False
dVr9Mh,False,False,False
Z59wls,False,False,False
yXDvZF,False,False,False
iSX26c,True,False,True
vMka6H,False,False,False
cjjYIx,False,False,False
UYlRQq,False,False,False
yn2z4U,False,False,False
D6Lp2i,False,False,False
o0rEb2,False,False,False
zfKNYg,False,False,False
QGD9ju,True,False,True
eJvdCA,False,False,False
y3MvPh,False,False,False
wmNrr0,False,False,False
nixPKs,False,False,False
YtOF3o,False,False,False
p5M7XR,False,False,False
dwu8Ff,False,False,False
RxISK6,False,False,False
HdmIUg,False,False,False
hP2yrf,False,False,False
IIqfCG,False,False,False
8oOF4z,False,False,False
Wjrual,False,False,False
mI7Y8B,False,False,False
f2xOXW,False,False,False
3EQBce,False,False,False
hhVbxg,False,False,False
Qvjhcd,False,False,False
CxIn76,False,False,False
tE2hWx,False,False,False
AybGZE,False,False,False
rGgI61,False,False,False
tsEPsi,False,False,False
OKn0wI,False,False,False
4VeG8i,False,False,False
feNh6b,False,False,False
I9flmf,False,False,False
ZQb5I7,False,False,False
ABEEMY,False,False,False
dC9fyu,False,False,False
7d7AKJ,False,False,False
95lykG,False,False,False
GCkypJ,False,False,False
bKIoWQ,False,False,False
B3YQ1P,False,False,False
SSxvsI,False,False,False
LKHAjX,False,False,False
CQgM7v,False,False,False
l5qK3t,False,False,False
Qehs9W,False,False,False
dWZimJ,False,False,False
MO7mfT,False,False,False
0pjgJa,False,False,False
bnVrxs,False,False,False
XWcAsi,False,False,False
UBgMVV,False,False,False
9YCTDM,False,False,False
49E2Zp,False,False,False
PbfZkd,False,False,False
ZDbxLB,False,True,True
MBZB7O,False,False,False
XXtCkU,False,False,False
HZWP8Q,False,False,False
joAW10,False,False,False
UTj9vY,False,False,False
YCSjZJ,False,False,False
Szr5y6,False,False,False
ftAdKP,False,False,False
mayMrZ,False,False,False
vXYqNl,False,False,False
V2c6dh,False,False,False
zUu5b6,False,False,False
z7h061,False,False,False
XBJ0z5,False,False,False
GgG33N,False,False,False
yEVTvs,False,False,False
Rd4Gb1,False,False,False
MEEn34,False,False,False
aCl8w2,False,False,False
0dhvxx,False,False,False
SCUJhF,False,False,False
V2AWtW,False,False,False
dpz6xr,False,False,False
tawzIY,False,False,False
KwXgNd,False,False,False
f0lUdB,False,False,False
2JgT9n,False,False,False
1QsybF,False,False,False
i6xCgV,False,False,False
wvbB3R,False,False,False
KOnKuc,False,False,False
60ogVL,False,False,False
dmgudW,False,False,False
NK0ITy,False,False,False
vc1dRO,False,False,False
Puz2qk,False,False,False
zBgcBZ,False,False,False
KYrdRN,False,False,False
K9qOck,False,False,False
pGwvip,False,True,True
v0W9ga,False,False,False
wCHhDD,False,False,False
H9xV27,False,False,False
1hHkvi,False,False,False
HOfNSY,False,False,False
zKh23K,False,False,False
D3nUVW,False,False,False
NJCf6Q,False,False,False
yWKG2d,False,False,False
TEimCW,False,False,False
oUQ5GW,False,False,False
OQquvD,False,False,False
IzBYnU,False,False,False
ib3GiC,False,False,False
UvmFoH,False,False,False
RdoH6O,False,False,False
cTTVfM,False,False,False
Xqie2t,False,False,False
f8INv2,False,False,False
YB6Ynx,False,False,False
obIyz8,False,False,False
acaNQT,False,False,False
v0FBJw,False,False,False
YGlgig,False,False,False
F6eFwE,False,False,False
ZWcgwV,False,False,False
L0Zkos,False,False,False
3n0afI,False,False,False
XB9iI9,False,False,False
ikamPB,False,False,False
PQSc1k,False,False,False
ExxngG,False,False,False
JaOo3k,False,False,False
nxJ94A,False,False,False
H3Jud0,False,False,False
eThZRW,False,False,False
F6VmgN,False,False,False
j9yudC,False,False,False
eYRMEu,False,False,False
k2CAzP,False,False,False
9Mwyk3,False,False,False
09w7Kf,False,False,False
b55Efs,False,False,False
HJ2GWR,False,False,False
py544K,False,False,False
0zxWmL,False,False,False
9PsYtc,False,False,False
exLCFU,False,False,False
QdIRao,False,False,False
0QJ86j,False,False,False
ungG1m,False,False,False
2UszDG,False,False,False
s5LSal,True,False,True
MehEUa,False,False,False
wxfeqe,False,False,False
lTvdur,True,False,True
bm5UzZ,False,False,False
6AA5xh,False,False,False
9CERWx,False,False,False
Mcsj2p,False,False,False
viLMHR,False,True,True
gwgkxm,False,False,False
86JgA5,False,False,False
MKqDv9,False,False,False
XIhZvO,False,False,False
ELShUN,False,False,False
TFQTlV,False,False,False
cvYDvW,False,False,False
lEfbqc,False,False,False
zroIrQ,False,False,False
LL2Zgx,False,False,False
z0yP02,False,False,False
OmnZMw,False,False,False
23EN9Q,False,False,False
UjvfBb,False,False,False
DpFK5z,False,False,False
RCVMq4,False,False,False
zEopSD,False,False,False
rOLVH3,False,False,False
QPmkas,False,False,False
oLbvuV,False,False,False
loqSZu,False,False,False
KCbueX,False,False,False
GrG37z,False,False,False
XOWqL2,False,False,False
Cw6VCV,False,False,False
WkuzLR,False,True,True
wijmn5,False,False,False
DBl9zM,False,False,False
9GjiGK,False,False,False
Kn4uEu,False,False,False
Bv8v9v,False,False,False
5Yzdup,False,False,False
BILGfM,False,False,False
RZpiPo,False,False,False
ht3e0A,False,False,False
Sl1T7V,False,False,False
B0K1P4,False,False,False
tu58tq,False,False,False
vYfQEn,False,False,False
7vemG4,False,False,False
9cGhhu,False,False,False
HrWiA5,False,False,False
lKjWa8,False,True,True
pte7mU,False,False,False
9euoSM,False,False,False
c4zabv,False,False,False
EWGRAO,False,False,False
OJ60BM,False,False,False
rf7kG0,False,False,False
pyP9P5,False,False,False
PqTtzW,False,True,True
ZWpO5L,False,False,False
hp1PM8,False,False,False
GMgrko,False,False,False
Buq6B0,False,False,False
K4Pk0q,False,False,False
b2E7yW,False,False,False
hXPGEB,False,False,False
OW2ohY,False,False,False
NejmQL,True,False,True
TG0VYg,False,False,False
GQh1gN,False,False,False
HBcNc4,False,False,False
svPxrV,False,False,False
BfwzvP,False,False,False
PF8n1g,False,False,False
5hCLUt,False,False,False
beqT2k,False,False,False
7hnCVc,False,False,False
6A4dF7,False,False,False
v6QC9h,False,False,False
2OG00M,False,False,False
SsAqs8,False,False,False
zl9mLv,False,False,False
QfTAuY,False,False,False
eg8M7L,False,False,False
JFXAvY,False,False,False
URcjrA,False,False,False
iaCJBk,False,False,False
MshLtl,False,False,False
CvoDmm,False,False,False
u45JaP,False,False,False
EeKlbo,False,False,False
ozsiw6,False,False,False
Ln8IEW,False,False,False
EEj4uL,False,False,False
HRR7aN,False,False,False
oLvPEK,False,False,False
er2p3e,False,False,False
fNRX9o,False,False,False
2hNse2,False,False,False
QRIXC7,False,True,True
HGj9sR,True,False,True
Kc9fMM,False,False,False
BKRBLB,False,False,False
2O5HcI,False,False,False
bR5FZX,False,False,False
ZaTNaL,False,False,False
TQ4fGW,False,False,False
E52HBK,False,False,False
OKIuRH,False,False,False
9d9aLg,False,False,False
so4P40,False,False,False
trXl1A,False,False,False
CNauTR,False,False,False
Tg8VxE,False,False,False
Am6WBM,False,False,False
m8jqXq,False,False,False
RANwbf,False,False,False
vfGLuP,False,False,False
g2flQz,False,False,False
auId3f,False,False,False
KgR9YB,False,False,False
VxO4Mb,False,False,False
zNqwZ0,False,False,False
xfrYpC,False,False,False
BGrLva,False,False,False
h9LHPt,False,False,False
7MTUQD,False,False,False
ZXOlfk,False,False,False
AucppG,False,False,False
qM8Y2O,False,False,False
6GCYPU,False,False,False
gmSuBf,False,False,False
PRK54g,False,False,False
uDQnxE,False,False,False
6K9qf3,False,False,False
Z8CusA,False,False,False
t5JYkg,False,False,False
8jAd0P,False,False,False
d2CZkG,False,False,False
raBgap,False,False,False
KaRwyl,False,False,False
C8FaHI,False,False,False
sqqvIK,False,False,False
pvkByd,False,False,False
IC8Sep,False,False,False
0GDP9V,False,False,False
PdoN9t,False,False,False
QlZgW3,False,False,False
GCySub,False,False,False
CuWqwE,False,False,False
wyAgx0,False,False,False
xwYBdK,False,False,False
aBZsiC,False,False,False
KMGrTf,False,False,False
hCcx7T,False,False,False
4Q69Cp,False,False,False
Rhx6ky,False,False,False
gFYRv4,False,False,False
XL6ujq,False,False,False
TTYDBm,False,False,False
U0VWRs,False,False,False
IzzRSF,False,False,False
bNjTRr,False,False,False
xYDjqz,False,False,False
8nw4eD,True,False,True
f3K1zV,False,False,False
DdCFiJ,False,False,False
YGRFRs,False,False,False
10QSMc,False,False,False
3v8nys,False,False,False
ndNM6p,False,False,False
dN3MbR,False,False,False
qzmiai,False,False,False
nJhWvM,False,False,False
vzg1b1,False,False,False
olu3EX,False,True,True
Ml6iRl,False,False,False
6XPGjd,False,False,False
WEPxix,False,False,False
FkYdAP,False,False,False
YU28AB,False,False,False
t8z8w0,False,False,False
JEYR0v,False,False,False
DBsrwj,False,False,False
9tGv1X,False,False,False
5H6JcV,False,False,False
p3JHGh,False,False,False
LF5a9y,False,False,False
zS1Rr0,False,False,False
O8Ig2T,False,False,False
i7JoGV,False,False,False
xARFTh,False,False,False
clx7O5,False,False,False
aPIpgB,False,False,False
Qy3jAd,False,False,False
TjAPH8,False,False,False
iXb6tq,False,False,False
Mv5Xao,False,False,False
PpCvR8,False,False,False
7cguac,False,False,False
JaO2VT,False,False,False
Rpyitd,False,False,False
Fb2SJ2,False,False,False
e2pPRO,False,False,False
Sr8zxa,False,False,False
cLlTUu,False,False,False
EAGguD,False,False,False
BE5ZcX,False,False,False
m2lMN0,False,False,False
PluvFz,False,False,False
Tb4kL0,False,False,False
0bCMWO,False,False,False
nRsVjX,False,False,False
fGrxja,False,False,False
xOJ0GU,False,False,False
toZ5tK,False,False,False
l5ECOG,False,False,False
sm5ou8,False,False,False
Ml3F2I,False,False,False
JLs0nW,False,False,False
eHNgBt,False,False,False
ncN33A,False,False,False
ty4MRN,False,False,False
OaZzPa,False,False,False
tEWHUO,False,False,False
idcXlN,False,False,False
6gHR2H,False,False,False
36EYS6,False,False,False
cfaU26,False,False,False
l5ATMc,False,False,False
Lupd2B,False,False,False
dp4CjA,False,False,False
ixcS8O,False,False,False
IXBbU5,False,False,False
COK2PG,False,False,False
UdcmzI,False,False,False
8SINa4,False,False,False
HeJRpk,False,False,False
gJ1hfM,False,False,False
8AKTrt,False,False,False
IvEoYo,False,False,False
XB0O9h,False,False,False
DKkqwd,False,False,False
KSsv9S,False,False,False
fqd5a4,False,False,False
3Zechj,False,False,False
PFdMGP,False,False,False
jG2ORQ,False,False,False
LsU1na,False,False,False
K1N7rl,False,False,False
GytKIF,False,False,False
QYqhwW,False,False,False
xEKSQr,False,True,True
ARJmNd,False,False,False
Gfdnur,False,False,False
NFlCqR,False,False,False
RJ2oRn,False,False,False
ZRixfz,False,False,False
gYuFiO,False,False,False
kato8n,False,False,False
P21fsB,False,False,False
QYLdvp,False,False,False
jDQapT,False,False,False
73QKuZ,False,False,False
c0ih3u,False,False,False
Zdduuy,False,False,False
2fBkKC,False,False,False
hbzFtg,False,False,False
S21O1L,False,False,False
ZZeWrl,False,False,False
Wry0Uq,False,False,False
u0MgIG,False,False,False
u1kosx,False,False,False
tsu2V0,False,False,False
UVxeuF,False,False,False
raQ3Nq,False,False,False
LCKOkt,False,False,False
rfNsEB,False,False,False
9BtC98,False,False,False
bILIxV,False,False,False
9Lbzgz,False,False,False
YcZ0Qt,False,False,False
tfbGSP,False,False,False
cNKDvN,False,False,False
vKPeug,False,False,False
uinGUX,False,False,False
0rARM6,False,False,False
cfZrrH,False,False,False
G7oPet,False,False,False
UqCbEO,False,False,False
Rv7rdN,False,False,False
v8YPMV,False,False,False
xaEsfb,False,False,False
7K4lSw,False,False,False
i6HtdT,False,True,True
NLXmcY,False,False,False
lMOTU6,False,False,False
5aNjPq,False,False,False
GjL7a8,False,False,False
Cce6WP,False,False,False
Pze47X,False,False,False
YRplqN,False,False,False
5IC5Cz,False,False,False
DwgRBA,False,False,False
MjHJGv,False,False,False
TLxRmS,False,False,False
3l9l7d,False,False,False
UD7omF,False,False,False
jPtqZ7,False,False,False
SYE2d0,False,False,False
CAmcLZ,False,False,False
WDFvCz,False,False,False
W91hX9,False,False,False
1XUwmp,False,False,False
49hWNo,False,False,False
suKL6D,False,False,False
RI7vaD,False,False,False
8TabgQ,False,False,False
FqkqFz,False,False,False
WDvhBe,False,False,False
TAXKCZ,False,False,False
hfujpc,False,False,False
z90LUa,False,False,False
8zbjCG,False,False,False
R8levu,False,False,False
ZAwCeW,False,False,False
phwOp2,False,False,False
uFpw0L,False,False,False
Ic8glj,False,False,False
1lFuSk,False,False,False
PYtbq1,False,False,False
AwWqyV,False,False,False
Hlhpcj,False,False,False
jjLR04,False,False,False
qddOx7,False,False,False
iOj1WK,False,False,False
fxBjN4,False,False,False
Swn7Wm,False,False,False
YGnreW,False,False,False
7zuuBL,False,False,False
7Uom2O,False,False,False
bQJJno,False,False,False
PESZaH,False,False,False
HnorEf,False,False,False
bP6fiu,False,False,False
fIWmzr,False,False,False
EEPMv4,False,False,False
r8R2vf,False,False,False
XE0puo,False,False,False
HtG3Ci,False,False,False
mRi6u9,False,False,False
4iXzNE,False,False,False
v8ykVY,False,False,False
AJQGoN,False,False,False
P35qK4,False,False,False
3lWtA9,False,False,False
SBwbiZ,False,False,False
E6xHxJ,False,False,False
E3dAke,False,False,False
C64LNA,False,False,False
qcNrsi,False,False,False
eDqNmY,False,False,False
tpPojD,False,False,False
hd7A2m,False,False,False
jpW8II,False,False,False
AyEFTe,False,False,False
felrTK,False,False,False
Xd4Cgb,False,False,False
gDVdCt,False,False,False
ISuSr3,False,False,False
li0JXf,True,False,True
kVX5Uh,False,False,False
60TtB7,False,False,False
zyLxQY,False,False,False
iS12t1,False,False,False
FflRku,False,False,False
NBBaSW,False,False,False
1wbMOw,False,False,False
dNY3B0,False,False,False
GCpJtm,False,False,False
KQgGUw,False,False,False
2eXqKC,True,False,True
Zk42fi,False,False,False
nH0gKt,False,False,False
VKNyny,False,False,False
lN2Blq,False,False,False
MeVekJ,False,False,False
Uq1Uch,True,True,True
ebOfsP,False,False,False
gu67hV,False,False,False
24iKT3,False,False,False
inmjCR,False,False,False
I9X4BZ,False,False,False
4wBDLS,False,False,False
kS6gfJ,False,False,False
A6lWYO,False,False,False
lpsZ1N,False,False,False
UvSSut,False,False,False
Ac6xzF,False,False,False
NyMtTK,False,False,False
wrJ9Kf,False,False,False
xtuGiU,False,False,False
A7qwjK,False,False,False
U2Ipw8,False,False,False
XcvuWJ,False,False,False
Dtu3x0,False,False,False
If0EZC,False,False,False
1R7oeP,False,False,False
izVnUU,False,False,False
xwKs4E,False,False,False
AolL8G,False,False,False
Rvg0xC,False,False,False
8vCsff,False,False,False
ZtJsDG,False,False,False
O8zIM0,False,False,False
HHqyqc,False,False,False
DguQ41,False,False,False
q5MKQ1,False,False,False
QqQKCz,False,False,False
u1x0c7,False,False,False
Bn1xHZ,False,False,False
GSxx8q,False,False,False
Pri6Xt,False,False,False
LPhlfJ,False,False,False
BH1MSU,False,False,False
JY4UwG,False,False,False
ggjBSF,False,False,False
a782Fb,False,False,False
oSCxRK,False,False,False
SBedoL,False,False,False
ntnGId,False,False,False
jk26dJ,False,False,False
SVdXDf,False,False,False
5hTao4,False,False,False
DInAv1,False,False,False
BJcARW,False,False,False
uL3eyj,True,False,True
7xOVxq,False,False,False
0nrgXz,False,False,False
W11sqN,False,False,False
uF0fIK,True,False,True
54Vkk8,False,False,False
zNKhtf,False,False,False
FfQKCM,True,False,True
zgF7Jz,False,False,False
9W1Kt9,False,False,False
dihuMU,False,False,False
UuUNep,False,False,False
0hP9mF,False,False,False
yR23CV,False,True,True
UwqgPH,False,False,False
Ua18RY,False,False,False
v1Dx6z,False,False,False
OM0Rox,False,False,False
nqoJA7,False,False,False
ukZqoY,False,False,False
VvE1iO,False,False,False
9hXOPn,False,False,False
nFDj1X,False,False,False
xSwM1C,False,False,False
73iB19,False,False,False
hjnh9J,False,False,False
4IRBoM,False,False,False
90p5gS,False,False,False
2WeDvo,False,False,False
GYo1XE,False,False,False
6C61LI,False,False,False
UDlnAs,False,False,False
cqtDo2,False,False,False
iP8HAf,True,True,True
5cVmsF,False,False,False
eIZFlc,False,False,False
p5tPYx,False,False,False
Qqb8Hz,False,False,False
H99mGR,False,False,False
8kpquE,False,False,False
CEX1g1,True,False,True
tm6mTe,False,False,False
w9ufuS,False,False,False
VmcVLL,False,False,False
kYpFrX,False,False,False
bCDZkA,False,False,False
jdQAWx,False,False,False
RU41bR,False,False,False
7CbOib,False,False,False
WUR24J,False,False,False
zM901c,False,False,False
mFGHn3,False,False,False
RfLCAR,False,False,False
6wkS8Z,False,False,False
wwMtaz,False,False,False
yLdl0x,False,False,False
EJAqPZ,False,False,False
QDfkQ2,False,False,False
HBofdm,False,False,False
hVreGh,False,False,False
vGBC3e,False,False,False
NvWbZ0,False,False,False
JIeX0Z,False,False,False
c2JPvG,False,False,False
lw86Wt,False,False,False
zEvUmy,False,False,False
FfcW7m,False,False,False
F1U4e9,False,False,False
rnHSIc,False,False,False
danZbN,False,False,False
nKI6pU,False,False,False
EIGn2T,False,False,False
upzYSf,False,False,False
h4ySae,False,False,False
WY67kY,False,False,False
N76A79,False,False,False
3C9VcB,False,False,False
zY9B3n,False,False,False
4RRGsb,False,False,False
6BqNKH,False,False,False
GtM2rB,False,False,False
D95haA,False,False,False
HgU9LL,False,False,False
DOqka0,False,False,False
YTsq5H,False,False,False
Bu5dkT,False,False,False
S5qgzQ,False,False,False
ZoJcQ1,False,False,False
XsWlxv,False,False,False
9P03Jr,False,False,False
HHG2qd,False,False,False
TkvryF,False,False,False
huf60i,False,False,False
cKMlr5,False,False,False
JKQWfL,False,False,False
eS7AFz,False,False,False
Zumwaz,False,False,False
UJkFtz,False,False,False
MKkUnq,False,False,False
dNxjGh,False,False,False
Sx1xmN,False,False,False
yNwy1P,False,False,False
Zgd9qI,False,False,False
piVbat,False,False,False
GHpqdh,False,False,False
xOEpkt,False,False,False
8zdaA7,False,False,False
WNs7Js,False,False,False
RWkOBe,False,False,False
GdQ145,False,False,False
sGicN0,False,False,False
kUUZCV,False,False,False
Kc2qce,False,False,False
otTm36,False,False,False
H4u5Cz,False,False,False
qTfs4v,False,False,False
pWfKPo,False,False,False
GuqPyp,False,False,False
E1B4q8,False,False,False
f5eabt,False,False,False
dvC4qe,False,False,False
Y9OgGW,False,False,False
SRHl9M,False,False,False
Wh4WVi,False,False,False
hEHZA5,False,False,False
91O77c,False,False,False
EvW4wZ,False,False,False
YbrAzg,False,False,False
bY5QlC,False,False,False
H1GvcM,False,False,False
yrjO1l,False,False,False
AWitVs,False,False,False
ed8y9x,False,False,False
4ablJW,False,False,False
CWNpCI,False,False,False
RUZOQf,False,False,False
3EE2SQ,False,False,False
t4NlqC,False,False,False
we9PpJ,False,False,False
Eomjsw,False,False,False
2J2eC7,False,False,False
toNbQr,False,False,False
xd91OW,False,False,False
Y0DyM4,False,False,False
z3kPUG,False,False,False
Kkbhf4,False,False,False
BY6VhM,False,False,False
ZcBO07,False,False,False
SzenJ0,False,False,False
SdGpp4,False,False,False
bq3K3z,False,False,False
RoGvOB,False,False,False
J3WRwN,False,False,False
CAWhNq,False,False,False
vJxSUE,False,False,False
QnzpAG,False,False,False
mcSYre,False,False,False
PiF03r,False,False,False
fcNIwx,False,False,False
DYz9kj,False,False,False
yAFeLM,False,False,False
wirHXq,False,False,False
wONfgX,False,False,False
3vwlD5,False,False,False
XKAhmA,False,False,False
ger9O9,False,False,False
dpojZs,False,False,False
Uzx06I,False,False,False
Ukf3rU,False,False,False
BT4xUw,False,False,False
IT8pWg,False,False,False
fZELsU,False,False,False
bmOZfd,False,False,False
Xq5L6G,False,False,False
WCFwqF,False,False,False
RojYX8,False,False,False
3SIG13,True,False,True
9cfP1t,False,False,False
askIQd,False,False,False
Ch3XFi,False,False,False
MhFzsk,False,False,False
pJ59tS,False,False,False
kzIvTt,False,False,False
OAFOs0,False,False,False
otTbRn,False,False,False
rtRkNa,False,False,False
7fW3wJ,False,False,False
aiP71X,False,False,False
XUcfzd,False,False,False
ETbZ0a,False,False,False
EZwtwQ,False,False,False
KUIsUG,False,False,False
t430ki,False,False,False
1DufcQ,False,False,False
XAoJOH,False,False,False
TrLNZV,False,False,False
aNrCsI,False,False,False
RHfIcL,False,False,False
jikzBz,False,False,False
NEj5cX,False,False,False
Yd8yzQ,False,False,False
PxrI2C,False,False,False
N09Mfm,False,False,False
Mp7aHX,False,False,False
R65h7g,False,False,False
M1MjaW,False,False,False
7gHBic,False,False,False
68GJ6x,False,False,False
eX47CQ,False,False,False
vYXxle,False,False,False
fF8E0I,False,False,False
O3Mbdd,False,False,False
4NtV43,False,False,False
c3UbhA,False,False,False
A7iV9W,False,False,False
Ks9vSU,False,False,False
9RGyez,False,False,False
bqVNE3,False,False,False
CyLlVC,False,False,False
YhYvmO,False,False,False
dL6uCD,False,False,False
jvbQb7,False,False,False
fOPbNu,False,False,False
5eQGVR,False,False,False
64Repe,False,False,False
EquxBk,False,False,False
N0g7ZW,False,False,False
SVxAro,False,False,False
8cYIkN,False,False,False
wQs0k3,False,False,False
ZLar5T,False,False,False
866MIp,False,False,False
YU8wxg,False,False,False
evR20B,False,False,False
yAQ1nK,False,False,False
FrT8Fn,False,False,False
CLp7VE,False,False,False
eD5xT0,False,False,False
Zpaozn,False,False,False
zpbreI,False,False,False
cr640Q,False,False,False
Jfob8I,False,False,False
YWIQIf,False,False,False
Hv3akF,False,False,False
VrJyz2,False,False,False
KDBfKu,False,False,False
3e9jhw,False,False,False
Fi3jIQ,False,False,False
9nBxi6,False,False,False
MVTEj6,False,False,False
eTrnOe,False,False,False
iolv7U,False,False,False
gkSToy,False,False,False
kVPWYF,False,False,False
xJtFAi,False,False,False
8A5JR8,False,False,False
zV1gX0,False,False,False
vBW9Iz,False,False,False
2T2wIy,False,False,False
NYubDl,False,False,False
YMbD4D,False,False,False
vS7k1f,False,False,False
cuqVKs,True,False,True
h2cXOd,False,False,False
QpZZqv,False,False,False
T3n2dw,False,False,False
teDid1,False,False,False
926hla,False,False,False
OXQo5x,False,False,False
sZumjR,False,False,False
gKR7CJ,False,False,False
iTRP5t,False,False,False
qeCnSC,False,False,False
a1gZig,False,False,False
HqWnNz,False,False,False
niIi52,False,False,False
vV0VZ6,False,False,False
fxAsO6,False,False,False
dOgczw,False,True,True
nwhYoV,False,True,True
u6n5vK,False,False,False
IZKvit,False,False,False
IUrLWz,False,False,False
Trjn4V,False,False,False
1vl6Ep,False,False,False
3z9AV5,False,False,False
Gumnoe,False,False,False
F7tp1N,False,False,False
zG46s8,False,False,False
RQIWcn,False,False,False
RrZfTX,False,False,False
AQ1OSz,False,False,False
4ZbyUn,False,False,False
RGFYrD,False,False,False
HKEDbM,False,False,False
4g6kH4,False,False,False
gn5f0X,False,False,False
sLUkmX,False,False,False
FnCSpi,False,False,False
MJLgxW,False,False,False
0eUJdK,True,False,True
diLPne,False,False,False
SjFXcD,False,False,False
aQjEJd,False,False,False
N7I8SY,False,False,False
Gm3W9b,False,False,False
UNRj1Y,False,False,False
UcOIum,False,False,False
5IUhyW,False,False,False
WUTKN8,False,False,False
0jV19m,False,False,False
4Kh15g,False,False,False
69aoDg,False,False,False
FpDFdP,False,False,False
f4OLy8,False,False,False
qbecrp,False,False,False
DTlQjE,False,False,False
PsCqot,False,False,False
yNj6vz,False,False,False
vsLuez,False,False,False
0dEvpp,False,False,False
ighHRO,False,False,False
nx8Euo,False,False,False
B0T7ZS,False,False,False
GzDCuf,False,False,False
U7YPpg,False,False,False
cBwllb,False,False,False
kmiZX4,False,False,False
idZe7w,False,False,False
6Zgjmk,True,False,True
yKGbhb,False,False,False
O0x14Y,False,False,False
gN1PUI,False,False,False
no4GJy,False,False,False
iaEe8g,False,False,False
Z5hpCD,False,False,False
wVXQh1,False,False,False
E8tww9,False,False,False
aTi1JG,False,False,False
em7AKe,False,False,False
KOkX91,False,False,False
EATSrR,False,False,False
B8fWxe,True,False,True
10c4bf,False,False,False
E8FlQ7,False,False,False
rmc8yw,False,False,False
qHqt0R,False,False,False
XmJJJK,False,False,False
exQ0Kf,False,False,False
9zdzkI,False,True,True
7TwSnV,False,False,False
FmF4Mh,False,False,False
qDwP0n,False,False,False
xYE3Cl,False,False,False
fgJyt9,False,False,False
jW6EId,False,False,False
HBj8H9,False,False,False
YuoE1H,False,False,False
5EdOzR,False,False,False
E6DQmJ,False,False,False
ka2i3z,False,False,False
eQ64NV,False,False,False
pVgJIn,False,False,False
KpiIS7,False,False,False
qpiEOF,False,False,False
ks270T,False,False,False
rCJyUd,False,False,False
OxtN7u,False,False,False
6JDJwp,False,False,False
BMsXXn,False,False,False
7cjIUM,False,False,False
ubSfbI,False,False,False
U8DCRk,True,False,True
U0I5iV,False,False,False
1zi47D,False,False,False
FsrP64,False,False,False
Xkhhbr,False,False,False
CBH7w0,False,False,False
8qWzHd,False,False,False
T3zD8s,False,False,False
pEJpg5,False,False,False
DaHK1Y,False,False,False
uffIoY,False,False,False
gTMhDA,False,False,False
cVL4p0,False,False,False
IuUbsV,False,False,False
XYNeF6,False,False,False
6DSLK7,False,False,False
rlXVck,False,False,False
vv8Nbl,False,False,False
cDMaJY,False,False,False
ZXFtKg,False,False,False
SK7PKu,False,False,False
BjZugH,False,False,False
oJzE1p,False,False,False
jM7P4w,False,False,False
Um6WDG,False,False,False
NBM1bW,False,False,False
AwJLAF,False,False,False
SfHl0D,False,False,False
O0ZrBa,False,False,False
r53FFj,False,False,False
lRHJ63,False,False,False
GZ8G1A,False,False,False
7KCQHF,False,False,False
gE1E2n,False,False,False
wMxKXl,False,False,False
teHEXY,False,False,False
UsACAD,False,False,False
Ljl3K7,False,False,False
kWoStB,False,False,False
qf5EM4,False,False,False
RRJ7uA,False,False,False
hb2TsW,False,False,False
UT1aUw,False,False,False
0yW3im,False,False,False
l1WsYY,False,False,False
UlgXS6,False,False,False
sbAJlV,False,False,False
XrnKOb,False,False,False
XXaDJV,False,False,False
GNVcYG,False,True,True
kJNcJT,False,False,False
0LJ7Jc,False,False,False
HORgSJ,False,False,False
d2b7OJ,False,False,False
HE6iVs,False,False,False
EPMbi5,False,False,False
hXOxTs,False,False,False
vSoNrU,False,False,False
dRdaPI,False,False,False
1LaP7Y,False,False,False
LMsWx8,False,False,False
tQFRmV,False,False,False
oaGGB0,False,False,False
4C3Uh4,False,False,False
WktQlA,False,False,False
E6wMve,False,False,False
xP8fHT,False,False,False
fm4Avz,False,False,False
dXYe49,False,False,False
P9MtKh,False,False,False
k6Yv3l,False,False,False
mywCrQ,False,False,False
z1omll,False,False,False
TJldxG,False,False,False
sKwVdf,False,False,False
ByGwWD,False,False,False
kl4JMX,False,False,False
yusgTp,False,False,False
aDt1vj,False,False,False
osmaQr,False,False,False
vIzEiH,False,False,False
iJ8TD8,False,False,False
NcuJJB,False,False,False
UcohRD,False,False,False
YN8DJW,False,False,False
6e5qa1,False,False,False
B00ByC,False,False,False
bbzHAr,False,False,False
6kdEua,False,False,False
HI7YqH,False,False,False
5uueEz,False,False,False
6YxIaN,False,False,False
GBLCX7,False,False,False
s0r7ae,False,False,False
MJWuGN,False,False,False
4gGtTL,False,False,False
rFbQ4w,False,False,False
ZetlO5,False,False,False
hURwGD,False,False,False
tKVyfB,False,False,False
hyqeEx,False,False,False
s0MIci,False,True,True
1wWqpI,False,False,False
yCcsyX,False,False,False
mU7idL,False,False,False
07j9L5,False,False,False
d6CCol,False,False,False
BsujGM,False,False,False
z4Cvnb,False,False,False
PkuRTC,False,False,False
KyiqCQ,False,False,False
pGFBTI,False,False,False
PHXaOw,False,False,False
R2WLnT,False,False,False
BXnuFr,False,False,False
mSgRWn,False,False,False
qOa4LQ,False,False,False
ZYk4IS,False,False,False
r8hYpc,False,False,False
LAzJyL,False,False,False
UYUx5L,False,False,False
K4Kul5,False,False,False
6rxEhQ,False,False,False
wGOwy4,False,False,False
ramwkQ,False,False,False
Hq5WO3,False,False,False
mPxyUq,False,False,False
5IHbR2,False,False,False
Y2GWov,False,False,False
9L5TBX,False,False,False
T6uAKR,False,False,False
m9GKys,False,False,False
8Tc1W7,False,False,False
Jv6638,False,False,False
GP4FJ1,False,False,False
Aar38p,False,False,False
EDjwK8,True,False,True
NNp5bi,False,True,True
rEPATA,False,False,False
2RbaQd,False,False,False
U09sHJ,False,False,False
xzafuh,False,False,False
pD55E5,False,False,False
2Zjvag,False,False,False
jqvgAc,False,False,False
sLN59P,False,False,False
ATBRL9,True,False,True
Guax4F,False,False,False
RRj3VA,False,False,False
0ssmQ4,False,False,False
Hg0SgT,False,False,False
lJvnZu,False,False,False
AMn64w,True,False,True
8fx0GI,False,False,False
WnvU8J,False,False,False
ptLaj3,False,False,False
4uadxE,False,False,False
jBQlTc,False,False,False
3QRzbv,False,False,False
zPPhOX,False,False,False
pn8K9m,False,False,False
Onn9FB,False,False,False
Kr6ZJ5,False,False,False
Vmtgxw,False,False,False
1j8Lz2,False,False,False
NnURx7,False,False,False
LqoNRd,False,True,True
RPqNcF,False,False,False
G7OZjg,False,False,False
38aVKs,False,False,False
cxI9D6,False,False,False
xmhGbR,False,False,False
jzBJHZ,False,False,False
L8X1Tj,False,False,False
CPaUl4,False,False,False
w75ivF,False,False,False
llka8j,False,False,False
7CkovV,False,False,False
4Bp3tv,False,False,False
GHIeYY,False,False,False
05xssz,False,False,False
UuTCb6,False,False,False
8CpwTr,False,False,False
QvByDz,False,False,False
9u4D3v,False,False,False
Je02Yf,False,False,False
5hptxU,False,False,False
2nXbZM,False,False,False
zF5p0b,False,False,False
atITrl,False,False,False
66UiSv,False,False,False
uocqUy,False,False,False
6WQ4NI,False,False,False
kyhNQX,False,False,False
q0BM7r,False,False,False
RC1PhO,False,False,False
5tLZb6,False,False,False
uHtSK6,False,False,False
nEwY2e,False,False,False
cRMcYE,False,False,False
IBhLMV,False,False,False
ZKvq23,False,False,False
CXHIjd,False,False,False
DOOPip,False,False,False
BDdWwH,False,True,True
SxmeoU,False,False,False
NsuxqY,False,False,False
L4tydb,False,False,False
OtsTew,False,False,False
Bnh8IE,False,False,False
xKhXyt,False,False,False
8rEXAp,False,False,False
1F7Rsi,False,False,False
AzYBTU,False,False,False
FwGwcd,False,False,False
b6Xe62,False,False,False
xE6vjN,False,False,False
6k7QjX,False,False,False
ByZHZK,False,False,False
bWpwnn,False,False,False
ELDoh5,False,False,False
vGaX1o,False,False,False
AdksbI,False,False,False
zcclzN,False,False,False
4LUX8B,False,False,False
t98F3f,False,False,False
UH6GyT,False,False,False
CUfPkH,False,False,False
nCa721,False,False,False
LgymkW,False,False,False
emMgFi,False,False,False
QJ5Uuz,False,False,False
SzBFzs,False,False,False
jLUPIJ,False,False,False
yw3Wip,False,False,False
ztoiks,False,False,False
4IDHEk,False,False,False
ncHV4m,False,False,False
5Ekbq5,False,False,False
38dOEV,False,False,False
jYxpz6,False,False,False
azlT3W,False,False,False
aQjpHc,False,False,False
nvn1AX,False,False,False
PccPRq,False,False,False
kxrPIU,False,False,False
kFzINf,False,False,False
PA5Cu0,False,False,False
QsG4gu,False,False,False
jTC9DP,False,False,False
oItbrb,False,False,False
VPVmcK,False,False,False
IRzYLO,False,False,False
kL4hb6,False,False,False
d5ahdt,False,False,False
9RdPE8,False,False,False
emM6Ej,False,False,False
cxQDO5,False,False,False
29913X,False,False,False
X0Mz0R,False,False,False
7SO7N5,False,False,False
oMNxb0,False,False,False
WG8K2u,True,True,True
NR5ivZ,False,False,False
p1XVOA,False,False,False
wxYwdI,False,False,False
l7h5zp,False,False,False
rlJbWB,False,False,False
spBXRD,False,False,False
cASXLL,False,False,False
FjgGhL,False,False,False
hcC1Eq,False,False,False
RAaVHd,False,False,False
vzimGt,False,False,False
zqHYPt,False,False,False
b9o6C9,False,False,False
10BON7,False,False,False
7NDpfA,False,False,False
MMrTa7,False,False,False
MQLGbG,False,False,False
vwXPXt,False,False,False
WMpNAy,False,False,False
luSWei,False,False,False
Midwdr,True,False,True
d4lkVL,True,False,True
2JT8Q1,False,False,False
kwHzDm,False,False,False
Gepcd0,False,False,False
sTwxj9,True,False,True
TUWPEF,False,False,False
joZUpp,False,False,False
cO2byd,False,False,False
JfZNWk,False,False,False
eWL7OG,True,False,True
LJDa7v,False,False,False
40w82c,False,False,False
2kSwu0,False,False,False
4N51DR,False,False,False
1frK9I,False,False,False
Uv5wpa,False,False,False
PtFBYh,False,False,False
l7tNS6,False,False,False
5Ee8lp,False,False,False
tbCt5Y,False,False,False
qTUwLj,False,False,False
8U3Qs6,False,False,False
iaofzs,False,False,False
AYxKRn,False,False,False
sr82gP,False,False,False
Vl6Qrc,False,False,False
0v2kH2,False,False,False
149csT,False,False,False
b6P7rk,False,False,False
NTcmwM,True,False,True
ghBfV8,False,False,False
cQJbE4,False,False,False
djpKhG,False,False,False
noYAeZ,False,False,False
D3Wi9f,False,False,False
eK8jBA,False,False,False
eNzpr3,False,False,False
4XNwIZ,False,False,False
henfSK,False,False,False
MPyCvX,False,False,False
Pyxr20,False,False,False
L0t4L4,False,False,False
MxS9OJ,False,False,False
ZuVV5J,False,False,False
oxe2kj,False,False,False
fJgVaY,False,False,False
ifoJ3P,False,False,False
NbH16S,False,False,False
PA9pSX,False,False,False
qm13yr,False,False,False
tdl1Ql,True,True,True
uyiTUh,False,False,False
Zlntho,False,False,False
wcKHHd,False,False,False
jYb8fF,False,False,False
QkfBZj,False,False,False
TnmJNO,False,False,False
tXTqBb,False,False,False
EVbc6h,False,False,False
tEVfe6,False,False,False
v51Ye0,False,False,False
fuf7d9,False,False,False
BXQzM9,False,False,False
DNotJJ,False,False,False
3Anu2d,False,False,False
iNjbSv,False,False,False
6g5T4W,False,False,False
Aj4kP0,False,False,False
YDWjfs,False,False,False
ZeXqe8,False,False,False
10kkou,False,False,False
uFNRiJ,False,False,False
WXqntA,False,False,False
PW69Mr,False,False,False
CUQr2n,False,False,False
gzP7uM,False,False,False
AAxB86,False,False,False
w1eqNd,False,False,False
Fi46i1,False,False,False
oA6PJi,False,False,False
Pt9Ov9,False,False,False
r5J16Z,False,False,False
HnkgtF,False,False,False
uIATUi,False,False,False
czvpmD,False,False,False
EDyPw3,False,False,False
Mk1ybm,False,False,False
JEGFr1,False,False,False
RmdNLK,False,False,False
eJU0nP,False,False,False
mcNwPd,False,False,False
2o9Pgy,False,False,False
VRuxIO,False,False,False
Aknr6M,False,False,False
RrWegs,False,False,False
gdNWaF,False,False,False
jogD3u,False,False,False
qN9459,False,False,False
YBipu8,False,False,False
HeRvik,False,False,False
Brtf29,True,False,True
pMaRcz,False,False,False
4nf6ib,False,False,False
bEPoSc,False,False,False
DZAE9D,False,False,False
HPIY4D,True,False,True
EdxhjU,False,False,False
yq77SH,False,False,False
KM32XK,False,False,False
KONJLJ,False,False,False
7RSn4H,False,False,False
JTz3W7,False,False,False
NdABiq,False,False,False
gaGvWw,False,False,False
lAP9cz,False,False,False
OZFpKZ,False,False,False
NbihOe,False,False,False
pi9qQk,False,False,False
1duELT,False,False,False
ngkME9,False,False,False
CpzQJu,False,False,False
tlFXxo,False,False,False
RmvkVN,False,False,False
lNEixP,False,False,False
mfc0y8,False,False,False
ZzYxAm,False,False,False
ACYdWG,False,False,False
IReSvi,False,False,False
qjYykC,False,False,False
XuId0S,False,False,False
0drKVI,False,False,False
AwwdBU,False,False,False
VFPUvy,False,False,False
p73uEh,False,False,False
H5Qxks,False,False,False
hED6U8,False,False,False
ZnUYTw,False,False,False
RpZsdV,False,False,False
eU4Gkn,False,False,False
hu5DPq,False,False,False
EkCSqF,False,False,False
7TvIvf,False,False,False
uXEHFj,False,False,False
muno3q,False,False,False
olbjXn,False,False,False
qDKDuQ,False,False,False
AMgDG4,False,False,False
b5ULQl,False,False,False
obrfLy,False,False,False
btN283,False,False,False
ZyMCLM,False,False,False
a5YeVb,False,False,False
lbnuyy,False,False,False
0OGYqD,False,False,False
nc1L6g,False,False,False
AZibBl,False,False,False
qI5dOb,False,False,False
SRFNo8,False,False,False
NLBu7F,False,False,False
bjctlm,False,False,False
yp5CE8,False,False,False
x3Nfym,False,False,False
WqdSFH,False,False,False
267Cti,False,False,False
ksp8dN,False,False,False
nZHx37,False,False,False
YvjCeM,False,False,False
T41daN,False,False,False
L1CBFG,False,False,False
HNluLz,False,False,False
4o2K1b,False,False,False
MP2m7P,False,False,False
gPOrHd,False,False,False
nc2HVr,False,False,False
RQUYNx,False,False,False
ChuAqZ,False,False,False
4J93Bl,False,False,False
V1Q2kd,False,False,False
TNycEa,True,True,True
OtzDCc,False,False,False
oyp7Xc,False,False,False
i8WDOY,False,False,False
bRsgnD,False,False,False
Q7nwC1,False,False,False
18tr0b,False,False,False
1RCIRD,False,False,False
6im8r5,False,False,False
4pP2PG,False,False,False
w3NbIR,False,False,False
sGuQI8,False,False,False
dYww9t,False,False,False
TcC2Oj,False,False,False
cJ8mKa,False,False,False
Z1eM6j,False,False,False
iVSZhl,False,False,False
nos5ce,False,False,False
EssfTM,False,False,False
IedwOW,False,False,False
SCSkUL,False,False,False
sU2ldG,False,False,False
oBxcCo,False,False,False
AnOuwp,False,False,False
A8gjbF,False,False,False
FTRNAC,False,False,False
zG4fBj,False,False,False
DGn8G8,False,False,False
bp6Ena,False,False,False
WnHmSV,True,False,True
bUbpSv,False,False,False
VK97ao,False,False,False
8kwnvk,False,False,False
WCp4IU,False,False,False
P79Fhe,False,False,False
ghmP7i,False,False,False
pP1LEA,False,False,False
8txUu4,False,False,False
6y7j5b,False,False,False
MgOSPa,False,False,False
RzNOk3,False,False,False
HxJ55m,False,False,False
gAezjC,False,False,False
Bubazl,False,False,False
JdwYWD,False,False,False
LCsVvy,False,False,False
PMLcrK,False,False,False
C5uMGw,True,False,True
F8bGoL,False,False,False
Y3K4za,False,False,False
UfgyDF,False,False,False
lRCahR,False,False,False
OOp2nu,False,False,False
vSxDwU,False,False,False
0rHlez,False,False,False
YlkC61,False,False,False
LtDbog,False,False,False
Zs67jg,False,False,False
FdE2PV,False,False,False
tLsSpK,False,False,False
YXGMQH,False,False,False
VsOL7v,False,False,False
P7DFYp,False,False,False
MIYriS,False,False,False
mVqAYd,False,False,False
wbMHyN,False,False,False
YwJXvS,False,False,False
gyHCau,False,False,False
HuTupp,False,False,False
b6EbPt,False,False,False
FXhjjJ,False,False,False
POcPvk,False,False,False
pHZoXK,False,False,False
pWO3cJ,False,False,False
IkVDF9,False,False,False
el5Cxj,False,False,False
TjciIU,False,False,False
tZbkF1,False,False,False
bSpkE9,False,False,False
f2EVwG,False,False,False
0tLmcE,False,False,False
zLtlzT,False,False,False
yY31wC,False,False,False
MmCw3l,False,False,False
kW90Ku,False,False,False
4kILER,False,False,False
rs0JvW,False,False,False
XmgLZX,False,False,False
9VYv93,False,False,False
NJpcgz,False,False,False
9LEdUu,False,False,False
o7MhMT,False,False,False
aS1oiz,False,False,False
mPkYFc,False,False,False
GWv6VM,False,False,False
qfJQvZ,False,False,False
P7B65c,False,False,False
9vzybN,False,False,False
K72ERv,False,False,False
d7xpMj,False,False,False
OvP6zJ,False,False,False
53HjTY,False,False,False
6U3O5Z,False,False,False
KqeNZP,False,False,False
GhIUZQ,False,False,False
6RO7qW,False,False,False
fwzKS0,False,False,False
M9xD6t,False,False,False
WHaEOM,False,False,False
gDMbjS,False,False,False
1c9FGg,False,False,False
l4kyMi,False,False,False
RtqzCA,False,False,False
gO1NYd,False,False,False
MoOOly,False,False,False
o6HFf0,False,False,False
h31OZc,False,False,False
2crq6E,False,False,False
JgTcmO,False,False,False
f9q6Vl,False,False,False
xXeES8,False,False,False
rNXSBY,False,False,False
xdtDsQ,True,True,True
ngtRKq,False,True,True
7Yiqhi,False,False,False
TZCExF,False,False,False
c3BrJX,False,False,False
YuV8rp,False,False,False
jMqvg6,False,False,False
ZREFor,False,False,False
yF6GYx,False,False,False
DPD5LS,False,False,False
CHzRfY,False,False,False
ip2hiU,True,False,True
DHPrS9,False,False,False
MqYaeR,False,False,False
2QT3Ib,True,False,True
bJKjTs,False,False,False
gRvSxS,False,False,False
qntpNd,False,False,False
TrapFF,False,False,False
Pa72kb,False,False,False
TC2gVY,False,False,False
OEjOzH,False,False,False
GdPpEE,False,False,False
3fqdg0,False,False,False
IoqBaI,False,False,False
A7N7Sl,False,False,False
aZ5lyQ,False,False,False
3t9fH8,False,False,False
BPxsmB,False,False,False
0GvHwG,False,False,False
c44NSQ,False,False,False
JfyP4q,True,False,True
RJL46s,False,False,False
bwByE4,False,False,False
NvsU24,False,False,False
TYH7S3,False,False,False
0vJTWp,False,False,False
1LHcEG,False,False,False
8k8iBm,False,False,False
bo5V5m,False,False,False
flNbRu,False,False,False
sjWeli,False,False,False
bhHmKY,False,False,False
4VxgzR,False,False,False
9KRMLh,False,False,False
AOSTo7,False,False,False
buDnsA,False,False,False
WDdrun,False,False,False
yoEQRX,False,False,False
E0mPje,False,False,False
UN8IJh,False,False,False
F7coq2,False,False,False
i4UDum,False,False,False
aJCYYM,False,False,False
xcbDeB,False,False,False
Cz2Piq,False,True,True
XCal9V,False,False,False
tAZ37W,False,False,False
SnsyTZ,False,False,False
krFNBl,False,False,False
1q43GD,False,False,False
QoYnta,False,False,False
3spppl,False,False,False
BZOZdr,False,False,False
m2bTQ3,False,False,False
VFICBB,False,False,False
4bFupT,False,False,False
rter0I,False,False,False
IMm4uG,False,False,False
V2DAyQ,False,False,False
EULmUW,False,False,False
5KwMcb,False,False,False
IHHeLU,False,False,False
CJzp9H,False,False,False
nz7I33,False,False,False
kIkB5t,False,False,False
r663nQ,False,False,False
JSWbfC,False,False,False
mYDiJD,False,False,False
HnfRNJ,False,False,False
Z7jAbZ,False,False,False
g52ngY,False,False,False
PAhqBD,False,False,False
V8D6kA,False,False,False
hcjoLR,False,False,False
N8pgg7,False,False,False
s18pfR,False,False,False
9AFLv2,False,False,False
6nHzlT,False,False,False
jQGVUW,False,False,False
mewn9z,False,False,False
LoY0ZS,False,False,False
eFhQeQ,False,False,False
jaGDn3,False,False,False
WULd5U,False,False,False
oxxR9I,False,False,False
PN2mVP,False,False,False
RHkal3,False,False,False
RnJQXa,False,False,False
RGacQa,False,False,False
lraa6Q,False,False,False
0Crxgt,False,False,False
eMWLpx,True,False,True
Nw1BQU,False,False,False
4cX9Ks,False,False,False
AZkSEl,False,False,False
orQkyt,False,False,False
VmQD8E,False,False,False
PLXYmN,False,False,False
LXMZ0p,False,False,False
6JZShr,False,False,False
lqKJqr,False,False,False
AeydYj,False,False,False
sD8mRX,False,False,False
lwXQbZ,False,False,False
ndnxpJ,False,False,False
KKvX3k,False,False,False
QRIrSU,False,False,False
HFSnmz,False,False,False
g6Vd8F,False,False,False
XALQWP,False,False,False
ZlIa1t,False,False,False
oU0jgk,False,False,False
HbEDC9,False,False,False
sbzctB,False,False,False
gFwUYg,False,False,False
LbQK9W,False,False,False
Rvd9hZ,False,False,False
w1JqGY,False,False,False
zujPTE,False,False,False
2OKUBW,False,False,False
xdoEq0,False,False,False
US4PB4,False,False,False
jjAYGA,False,False,False
22x4vI,False,False,False
BgWuPm,False,False,False
dzZZB5,False,False,False
LCjp8e,False,False,False
PMqPgH,False,False,False
aqm5AN,False,False,False
xXZgYc,False,False,False
fe9e4K,False,False,False
5OyJ7b,False,False,False
dRtkPW,False,False,False
0Wb5Zg,False,False,False
kE3VfT,False,False,False
tmpbP1,False,False,False
7lkWdD,False,False,False
h1SmLl,False,False,False
Cn6FAu,False,False,False
lPpbQg,False,False,False
HYvG1m,False,False,False
Prp9lg,False,False,False
w7Dkob,False,False,False
mJ7sCa,False,False,False
k7zC2u,False,False,False
Hz7FhO,False,False,False
nFZnB9,False,False,False
pTFYqw,False,False,False
qfj62i,False,False,False
QIRkx5,False,False,False
HSV6pj,False,False,False
rfirAl,False,False,False
zip3kL,False,False,False
TIB5aF,False,False,False
ZL4B74,False,False,False
GIP0zG,False,False,False
UEkKqd,False,False,False
RN7UWb,False,False,False
NtApRf,False,False,False
ucsjPe,False,False,False
Q5mWxW,True,False,True
Eh7BPr,False,False,False
pMhl7a,False,False,False
QqyUZ3,False,False,False
syaRxU,False,False,False
BXTraB,False,False,False
6sWuUg,False,False,False
7CRkt1,False,False,False
eOM9HO,False,False,False
bzDXFX,False,False,False
qEJ4za,False,False,False
nOC2ia,False,False,False
YXgWYS,False,False,False
lKXwwX,True,False,True
yZE7Lc,False,False,False
g3VR2c,False,False,False
f7TuNs,False,False,False
CWWZV0,False,False,False
zSpewm,False,False,False
be1TDR,False,False,False
XpxrYd,False,False,False
lqLUQh,False,False,False
zchQZG,False,False,False
sy5UrN,False,False,False
B9a1vV,False,False,False
bcDAh9,False,False,False
onEYlr,False,False,False
S7Lvi6,False,False,False
Hi2EJw,False,False,False
Q4o1vL,False,False,False
uMQNax,False,False,False
elYAvk,False,False,False
DbDmFE,False,False,False
SngwlX,False,False,False
nFyoCz,False,False,False
3TZARJ,False,False,False
TOeLtz,False,False,False
WFJAje,False,False,False
KlFWKu,False,False,False
gwJ8yu,False,False,False
CKGQnm,False,False,False
q5apgp,False,False,False
xszhhC,False,False,False
as5wvH,False,False,False
gT7jun,False,False,False
xxLXg9,True,False,True
bjlMKx,False,False,False
7F902H,False,False,False
3BADYf,False,False,False
izg54X,False,False,False
rTU0Ec,True,False,True
kkVIGU,False,False,False
fgpnQT,False,False,False
x4424z,False,False,False
cDNEn0,False,False,False
3xfnm0,False,False,False
2JxnN4,False,False,False
HsaihT,False,False,False
6Zj5RS,False,False,False
11jSbv,False,False,False
oO41Ca,False,False,False
HgCALf,False,False,False
vI3gj7,False,False,False
Zp7gof,False,False,False
BdLEoj,False,False,False
KShIwx,False,False,False
Ao8dqI,False,False,False
6n6Nnn,False,False,False
4gYXBf,False,False,False
aAkYvD,False,False,False
LsZ1Wc,False,False,False
1b0I8F,False,False,False
K57PEE,False,False,False
xWWal7,False,False,False
fIoCGv,False,False,False
n0xUax,False,False,False
zfSxcK,False,False,False
kNNwjv,False,False,False
IoUn8d,False,False,False
TSD3Tx,False,False,False
5sJLak,False,True,True
c0YVX3,False,False,False
qRK1Xm,False,False,False
CpVIfb,False,False,False
HWxd8O,False,False,False
mHJdXV,False,False,False
HXcCCc,False,False,False
5VuDoo,False,False,False
LrvuvK,False,False,False
2Vv7mX,False,True,True
kDhU31,False,False,False
FJ9Yhf,False,False,False
yVMncb,False,False,False
JTId1x,False,False,False
z4p3ru,False,False,False
fiXCKW,False,False,False
zHtiTh,False,False,False
L2r918,False,True,True
6lH76K,False,False,False
RxTOy4,False,False,False
Iyd4v1,False,False,False
eWBQ0I,False,False,False
JpIR3h,False,False,False
K5xC4x,False,False,False
HTahjb,False,False,False
4m5WJf,False,False,False
ITdrPQ,False,False,False
I5wGwD,False,False,False
AgoUa3,False,False,False
00GGp0,False,False,False
a3I7Jc,False,False,False
5rO4hC,False,False,False
TqqQDK,False,False,False
kSuNn6,False,False,False
WLjucZ,False,False,False
izVVKP,False,False,False
VlYWZ8,False,False,False
avkPoM,False,False,False
z26Six,False,False,False
Mkf3lz,False,False,False
kADbwa,False,False,False
lbdsla,False,False,False
BogKPb,False,False,False
MO62mN,False,False,False
Uyz3Di,False,False,False
nmeYGJ,False,False,False
Ud46T2,False,False,False
X9lp7E,False,True,True
ftAvd4,False,False,False
kFxzMC,False,False,False
XfM5MH,False,False,False
kRsxX5,False,False,False
D0YgJw,False,False,False
OCFm6T,False,False,False
TYMhYY,False,False,False
A2lgbs,False,False,False
fx7qYf,False,False,False
NYOTpL,False,False,False
g8BL2X,False,False,False
wWvADU,False,False,False
fW1SRr,False,False,False
Ha8vxz,False,False,False
eAjiFc,False,False,False
E7AT3Y,False,False,False
qqQDNh,False,False,False
xFxwta,False,False,False
npjZ5g,False,False,False
gWOo2L,False,False,False
1BBtpw,False,False,False
PITKP8,False,False,False
gv3Md2,False,False,False
CbJFcK,False,False,False
3izwFU,False,False,False
jkpX5M,False,False,False
IliU4w,False,False,False
sOHrH1,False,False,False
vV9X3W,False,False,False
TlIJT4,False,False,False
zkhtIg,False,False,False
QgyCvC,False,False,False
M9lWYu,False,False,False
xzks6h,False,False,False
SXLRiy,False,False,False
B6W1Qk,True,False,True
KQdHNE,False,False,False
lNsgOQ,False,False,False
vwd97e,False,False,False
lFgKCX,False,False,False
Cpcq2m,False,False,False
NU0CKv,False,False,False
BNDQnT,False,False,False
7HMKXH,False,False,False
pyMfeL,False,False,False
rK7EdI,False,False,False
BluN1u,False,False,False
CTpvDJ,False,False,False
W8NL1h,False,False,False
mXSnMH,False,False,False
xzJuge,False,False,False
isD0iN,False,False,False
cgo7Qm,False,False,False
42FNZl,False,False,False
K5FJrU,False,False,False
lRwMEI,False,False,False
pzby71,False,False,False
sqt6eT,False,False,False
mRSBdh,False,False,False
43RBxS,True,False,True
uVJisa,False,False,False
orbwgE,False,False,False
7t7sCB,False,False,False
Bk80Wj,False,False,False
nDONBs,False,False,False
rlizNR,False,False,False
AfRnnP,False,False,False
jOgzBF,False,False,False
JCZ4HG,False,False,False
TAkowZ,True,False,True
1tQOha,False,False,False
RKeB8N,False,False,False
sjmttH,False,False,False
hRgwbF,False,False,False
1iMS1s,False,False,False
nLoJOs,False,True,True
DvaY1g,False,False,False
4F11fF,False,False,False
oHnI75,False,False,False
JHs7ae,False,False,False
CZxxRd,False,False,False
4RX2By,False,False,False
gnvREp,False,False,False
ikfGDl,True,False,True
3o54Bx,False,False,False
j5vcCx,False,False,False
hekFF2,False,False,False
kcvne0,False,False,False
7dANrN,False,False,False
VT3NvU,False,False,False
byxWys,False,False,False
XTMCpS,False,False,False
kPavQ4,False,False,False
2KjU1Y,False,False,False
TEtKpB,False,False,False
VrWL14,False,False,False
S01Uo3,False,False,False
NP5yR5,False,False,False
TWKxVM,False,False,False
X7cOyG,False,False,False
thp597,False,False,False
X0hmzf,False,False,False
jdNzTA,False,False,False
TiMHj9,False,False,False
q1Iw5e,False,False,False
q14q4U,False,False,False
tTf2BQ,False,False,False
9uUS48,False,False,False
5wmHXr,False,False,False
nuMSRK,False,False,False
ygM9RB,False,False,False
QTl3s2,False,False,False
dxUvsT,False,False,False
FLzekX,False,False,False
dkpv05,False,False,False
32Byve,False,False,False
l2C1EU,False,False,False
Xffx6r,False,False,False
qEtpfl,True,False,True
X3o9JH,False,False,False
VnnZfk,False,False,False
71JQGf,False,False,False
3ECICn,False,False,False
qolXz9,False,False,False
OcmjVt,True,True,True
82RKvz,False,False,False
wO7F1J,False,False,False
uZCQbf,False,False,False
Imc1mu,False,False,False
jUU3Hs,False,False,False
gYO2GR,False,False,False
MCIywI,False,False,False
TRWiEi,False,False,False
K7eNUz,False,False,False
JqyFfH,False,False,False
3g01Rx,False,False,False
KNDqPy,False,False,False
xdEipQ,False,False,False
2YcCfA,False,False,False
cNwfCz,False,False,False
o4ed6m,False,False,False
DYUroZ,True,True,True
3rt17b,False,False,False
RNxzpz,False,False,False
wCVFjL,False,False,False
n8sUD3,False,False,False
vgLApW,False,False,False
MU8yhZ,False,False,False
Y9F74v,False,False,False
de0onZ,False,False,False
7LGElq,False,False,False
pA461K,False,False,False
C1F1jb,False,False,False
TXV4rd,False,False,False
nA5vob,False,False,False
xNH2ji,False,False,False
8vq0YJ,False,False,False
tWTALu,False,False,False
7AXL4V,False,False,False
BRkRSY,False,False,False
c51JZh,False,False,False
MUhQJ8,False,False,False
ERcfNO,False,False,False
tSknAv,False,False,False
KtTETa,False,False,False
5ln3UH,True,False,True
PzpAw0,False,False,False
ll1uuH,False,False,False
MUPswc,False,False,False
aZyzsn,False,False,False
bq45KJ,False,False,False
w029pB,False,False,False
8dXhYP,False,False,False
T3gQ1a,False,False,False
rUal7h,False,False,False
8cw90R,False,False,False
8rcss8,False,False,False
H50ZiS,False,False,False
9trMOy,False,False,False
ulEkpi,False,False,False
mXiKW9,False,False,False
mHnzWr,False,False,False
m0q4Bl,False,False,False
u9efXP,False,False,False
GcTR6A,False,False,False
5PxJNM,False,False,False
joUPSr,False,False,False
WTYKDH,False,False,False
CfR29x,False,False,False
IN6t3Z,False,False,False
Ldiotw,False,False,False
SVsCDd,False,False,False
jq5ahd,False,False,False
8u2HPI,False,False,False
XT4Yv6,False,False,False
g7gm6c,False,False,False
BkhGvm,False,False,False
ay4vNO,False,False,False
XD3UXO,False,False,False
5as2YB,False,False,False
L3tIPr,False,False,False
fV8ld8,False,False,False
Yy3MUI,False,False,False
H4Ug5c,False,False,False
YYzEaD,False,False,False
mglKns,False,False,False
Smnw3M,False,False,False
ayL4yT,False,False,False
pOSBmv,True,True,True
VgtRwx,False,False,False
2Fl6dS,False,False,False
AppLCt,False,False,False
zxNgp0,False,False,False
v0xDgV,False,False,False
SID5cH,False,False,False
v3D6EA,False,False,False
8MqJIj,False,False,False
kiYPDa,False,False,False
xIjNvK,False,True,True
zTkSwC,False,False,False
hI1zOA,False,False,False
S13Mk9,False,False,False
ZeZgps,False,False,False
oQPiek,False,False,False
1KkQDu,False,False,False
MQVdMI,False,False,False
ZLPqLw,False,False,False
Zotxba,False,False,False
TLkRUx,False,False,False
LbsXIW,False,False,False
VgSn97,False,False,False
2wRaDe,False,False,False
iOvSvv,False,False,False
DtvNm8,False,False,False
U6JoVw,False,False,False
mNgLR4,False,False,False
Y8FTUN,False,False,False
7RfUG9,False,False,False
gnGAOK,False,False,False
uUVby9,False,False,False
7DUmA4,False,False,False
PRswqz,True,True,True
n7oRzF,False,False,False
Yf8teX,False,False,False
T4s0GU,False,False,False
GInytg,False,False,False
MRziwb,False,False,False
Rs2WJg,False,False,False
fUV9yw,False,False,False
AjvRGA,False,False,False
eseues,False,False,False
pfe5ko,False,False,False
sb1SI8,False,False,False
5ibQRX,False,False,False
IJeX6l,False,False,False
dOtQzx,False,False,False
fK4Vqn,False,False,False
BnQY7F,False,False,False
VMYsU0,False,False,False
cqoyx6,False,False,False
0VISzi,False,False,False
ZOHzGJ,False,False,False
JXOTYj,False,False,False
uOZDLK,False,False,False
M1qEcO,False,False,False
zl4iUD,False,False,False
7gwsVG,False,False,False
F9L2Ay,False,False,False
Jk5aoJ,False,False,False
ZUoFJw,False,False,False
hAfOo2,False,False,False
n9MWgx,False,False,False
8LZART,False,False,False
BnbjHu,False,False,False
EkQRfe,False,False,False
7y6AaN,False,False,False
TUFgcG,False,False,False
IKtnLR,False,False,False
xj86gQ,False,False,False
mcZ8UA,False,False,False
loKQLm,False,False,False
TuvIjQ,False,False,False
fYif7Q,False,False,False
kKLjms,False,False,False
2YjqIA,False,False,False
LrVzSg,False,False,False
1M1dtb,False,False,False
bqFs0s,False,False,False
rpsbAr,False,False,False
oExKAG,False,False,False
6yRvRL,False,False,False
BCqwq5,False,False,False
0V8Pl2,False,False,False
onPXv9,False,False,False
SQnkoN,False,False,False
MVwbbY,False,False,False
exDbPb,False,False,False
dHrG3r,False,False,False
Cw187x,False,False,False
w0rtbf,False,False,False
Q3y4BY,False,False,False
wDq6TZ,False,False,False
mIrNn2,False,False,False
llgQlb,False,False,False
fp7HcM,False,False,False
ZHZVYO,False,False,False
Rlg7PP,False,False,False
X2C40C,False,False,False
J6H3BL,False,False,False
ocJ0sZ,False,False,False
NGF59l,False,False,False
axfSSJ,False,False,False
5yeWG0,False,False,False
ECpQNv,False,False,False
48Ii5a,False,False,False
vgXvAG,False,False,False
Q3H1uO,False,False,False
SJFSWR,False,False,False
QZHBFu,False,False,False
OZYKwN,False,False,False
UeKTQb,False,False,False
mmT0Nf,False,False,False
tBqz7x,False,False,False
nWObME,False,False,False
eLOGKt,False,True,True
OAhVG6,False,False,False
SjK6jw,False,False,False
gvpiyW,False,False,False
Wdizm2,False,False,False
v1JltH,False,False,False
832Yz7,False,False,False
nsz7wf,False,False,False
070M5m,False,False,False
dua66D,False,False,False
VGSaXf,False,False,False
Z5225B,False,False,False
TT4nSQ,False,False,False
46zFYi,False,False,False
cJOOyT,False,False,False
ZStrby,False,False,False
l2ue3v,False,False,False
qd520a,False,False,False
gnI28h,False,False,False
cWtZBC,False,False,False
e0ntZv,False,False,False
PAxYMi,False,False,False
B9LaCI,False,False,False
XE8HMZ,False,False,False
NH7r0n,False,False,False
X7m7jG,False,False,False
xjNKIs,False,False,False
25oh28,False,False,False
r9jsFp,False,False,False
zDP6pw,False,True,True
1Efiwh,False,False,False
8TyUXY,False,False,False
DzwcNm,False,False,False
WLncrR,False,False,False
XLjiuw,False,False,False
TMZqPS,False,False,False
YfqBbA,False,False,False
O1pBtA,False,False,False
ohbUeg,False,False,False
Oe5ax5,False,False,False
3klcfl,False,False,False
AYR8Eh,False,False,False
TUjXQa,False,False,False
vKQGj8,False,False,False
mBGNrr,False,False,False
H2AtLD,False,False,False
7WZ8Bp,False,False,False
QvVgND,False,False,False
zq2lEM,False,False,False
wC9lS8,False,False,False
cfmEF9,False,False,False
qbHfRi,False,False,False
1tO7oV,False,False,False
edu7Jf,False,False,False
xza4fj,False,False,False
iFuggp,False,False,False
Nw8VEG,False,False,False
YVB4ZZ,False,False,False
XMO5Th,False,False,False
eis0Ej,False,False,False
KwVKco,False,False,False
Gazgxm,False,False,False
IeS2UY,False,False,False
HS6IiR,False,False,False
SCnv7i,False,False,False
g6ovvy,False,False,False
XSUSIb,False,False,False
hL4S1G,False,False,False
7qGSpl,False,False,False
FC2OY3,False,False,False
bFUCvk,False,False,False
1l2WE8,True,False,True
cb0bOp,False,False,False
IibAga,False,False,False
d5Rk0l,False,False,False
E1LT7r,False,False,False
vMWC5Z,False,False,False
aHme0g,False,False,False
bOhFHi,False,False,False
B2UT8h,False,False,False
ZPH64T,False,False,False
a2BRkU,False,False,False
S3txTT,False,False,False
b4XosC,False,False,False
TGWtuK,False,False,False
GGhmFc,False,False,False
L8lI6c,False,False,False
zpHSIj,False,False,False
ZFbMit,False,False,False
DNYfO3,True,False,True
pgZFjB,False,False,False
prkQpr,False,False,False
6aXWot,False,False,False
JULa2V,False,False,False
daVTdb,False,False,False
fcfZXI,False,False,False
H83sWZ,False,False,False
UK5oAU,False,False,False
8irqN7,False,False,False
N58lpS,False,False,False
budnKi,False,False,False
FDBwk3,False,False,False
msAKiq,True,False,True
iB8txq,True,False,True
G5jhKz,False,False,False
nZVIba,False,False,False
zP1Epu,False,False,False
SS3d96,False,False,False
49lyLa,False,False,False
Q3HZqb,False,False,False
P539Xb,True,False,True
TSC559,False,False,False
SxQjkF,False,False,False
224dUf,False,False,False
KBRgYL,False,False,False
g5ThMG,False,False,False
fXlVkQ,False,False,False
hWq6j3,False,False,False
I7wXjv,False,False,False
SJha7S,False,False,False
S3LvmH,False,False,False
cbobN9,False,False,False
uPW1Jf,False,False,False
SYVkJW,False,False,False
FqVUPV,False,False,False
jGPVVi,False,False,False
mMZnLk,False,False,False
ILYR0k,False,False,False
5PtYtq,False,False,False
94mOgQ,False,False,False
K2X3Sl,False,False,False
4yFbAi,False,False,False
iLpmRu,False,False,False
HP6Q9U,False,False,False
tTL6ed,False,False,False
anNAyO,False,False,False
lW02q5,False,False,False
DmoZl4,False,False,False
zoJom7,False,False,False
UAQPml,False,False,False
ttSO92,False,False,False
zVNjmq,False,True,True
bOq57z,False,False,False
U98UIC,False,False,False
uuDxK4,False,False,False
2UaWZ5,False,False,False
RKjAzm,False,False,False
XuJtzF,False,False,False
PkkGzZ,False,False,False
5mRg5w,False,False,False
glNcp0,False,False,False
WSpUl2,False,False,False
zWXhgr,False,False,False
yJsm1m,False,False,False
U642tf,False,False,False
fSb7S1,False,False,False
N3YrUw,False,False,False
tJfnBo,False,False,False
UGZuOy,False,False,False
ROST8o,False,False,False
APgkDL,False,False,False
usBh4c,False,False,False
RYeEPG,False,False,False
Kn9q3d,False,False,False
cuIJSa,False,False,False
EgjLfN,False,False,False
cB5Xqf,False,False,False
vqViaX,False,False,False
Ss4HmT,False,False,False
6n8AbM,False,False,False
AnrHJw,False,False,False
3ixnQI,False,False,False
B4U5q6,False,False,False
58g27o,False,False,False
eESzdC,False,False,False
0S1Upo,True,False,True
c9eNDu,False,False,False
gQZl6h,False,False,False
TaJ3fe,False,False,False
qJJymX,False,False,False
QAbCsw,False,False,False
drwC8y,False,False,False
sMTzeh,False,False,False
URZEc4,False,False,False
1OJsGW,False,False,False
u2iQj2,False,False,False
DQwEm9,False,False,False
v8QqJr,False,False,False
L8q1pC,False,False,False
e4ghst,False,False,False
9cALSg,False,False,False
2i516Z,False,False,False
o54cjV,False,False,False
alL8JU,False,False,False
FHdnTa,False,False,False
ehdeem,False,False,False
HIugGr,False,False,False
ZOkqwM,False,False,False
jRBT6Z,False,False,False
xoPHNw,False,False,False
aVg5Ue,False,False,False
S5cX8p,False,False,False
ObsaX8,False,False,False
Z6sWtv,False,False,False
jaW6Ot,False,False,False
yE7o8w,False,False,False
1wDFPV,False,False,False
nnM5us,False,False,False
pPnUW2,False,False,False
k3LxhO,False,False,False
dMfJr7,False,False,False
o3B8R4,False,False,False
0oOFgq,False,False,False
YVhQMd,False,False,False
dELseS,True,False,True
oH3sXJ,False,False,False
IyaER4,False,False,False
uxOASM,False,False,False
8cbtrl,False,False,False
u7PiHp,False,False,False
7l8UWN,False,False,False
ubFb9U,False,False,False
dhIAXG,False,False,False
aa7YnK,False,False,False
PD86WH,False,False,False
YcdxPO,False,False,False
c1Tg7p,False,False,False
idswX3,False,False,False
6YQhkx,False,False,False
LGWHe4,True,False,True
SqodYD,False,False,False
cKquan,False,False,False
y4HhDM,False,False,False
Ra3TVS,False,False,False
aXfsGc,False,False,False
Ul9FUQ,False,False,False
WTrRkM,False,False,False
62YwQk,False,False,False
eJAGjG,False,False,False
zhkFtH,False,False,False
3S0ask,False,False,False
kqomD1,False,False,False
D2jrb0,False,False,False
2327K3,False,False,False
l83T4u,False,False,False
VAhy0W,False,False,False
sRMyMl,False,False,False
GVokOe,False,False,False
3cOrxm,False,False,False
Zmaann,False,False,False
v8aS3s,False,False,False
MSGbKp,False,False,False
g2Puch,False,False,False
0iYtW3,False,False,False
tTylaP,False,False,False
orO6jb,False,False,False
0a2qhQ,False,False,False
U988AS,False,False,False
fvViqA,False,False,False
XW7L0m,False,False,False
BiyrZI,False,False,False
9IU8zO,False,False,False
wtGTXD,False,False,False
DUIiPa,False,False,False
LKMOkI,False,False,False
8Q5oWq,False,False,False
akDItH,False,False,False
ZpgsqB,False,False,False
0kdQxY,False,False,False
ETU9uC,False,False,False
WPo1tc,False,False,False
NXScv6,False,False,False
eFTdVX,False,False,False
JChUY2,False,False,False
Tn7exo,False,False,False
D1bnw9,False,False,False
j0XgYn,False,False,False
lnK7Tq,False,False,False
CpFYgb,False,False,False
EB35gB,False,False,False
R0Ztnh,False,False,False
VPEIGE,False,False,False
y9ZmTN,False,False,False
i2inSr,False,False,False
orrcPy,False,False,False
ehljhB,False,False,False
ookaH7,False,False,False
1R95Eo,False,False,False
2glWYe,False,False,False
38q3ob,False,False,False
zv77V1,False,False,False
HCR1Hy,False,False,False
KhvbSl,False,False,False
SN4xZx,False,False,False
4vMz10,False,False,False
UEm42r,False,False,False
J5G3Rc,False,False,False
B12IJw,False,False,False
9glCwS,False,False,False
5l1AKq,False,False,False
okdiFn,False,False,False
2FbW4W,False,False,False
n2AEYR,False,False,False
i3V8nZ,False,False,False
uXQBKu,False,False,False
jSyhRl,False,False,False
QcWwjh,False,False,False
5ZywnY,False,True,True
INeMs3,False,False,False
Ng0w4e,False,False,False
rsFH0a,False,False,False
jvbFeB,False,False,False
zX24rj,False,False,False
s7DzAg,False,False,False
BroEql,False,False,False
8zqOpJ,False,False,False
3aOrnn,False,False,False
XhoAuF,False,False,False
M2XfZN,False,False,False
3bvZ1H,False,False,False
5rIvzd,False,False,False
q3YbaB,False,False,False
GzLlaT,False,False,False
uT3hkH,False,False,False
CJGorR,False,False,False
VmGE3K,False,False,False
mbR4L5,False,False,False
arr9ow,False,False,False
Q3qZpB,False,False,False
MW0Cww,False,False,False
ovrEk5,True,False,True
h6PmsH,False,False,False
CmsIrG,False,False,False
cSknhI,False,False,False
pVWGtE,False,False,False
NMXnym,False,False,False
CWdxOY,True,False,True
4rPZe1,False,False,False
556Z7y,False,False,False
2u8j3Q,False,True,True
V9P3Hv,False,False,False
ThDbyb,False,False,False
2vUopV,False,False,False
NPNE8R,False,False,False
FzW1dJ,True,False,True
SVYRWc,False,False,False
DJ0bhV,False,False,False
CqUnsL,False,False,False
KVJs54,False,False,False
vpdpUi,False,False,False
bm14b8,False,False,False
PX8Xx8,False,False,False
vi5LNJ,False,False,False
33O8dB,False,False,False
N7Ecub,False,False,False
0PO5iX,False,False,False
Df8j0l,False,False,False
mEmTfM,False,False,False
6XsAzE,False,False,False
oQRDsD,False,False,False
ROYMDy,False,False,False
YhUFq4,False,False,False
QtMGIi,False,False,False
21CmQG,False,False,False
YUpXoz,False,False,False
Vs02v3,False,False,False
ymPo6f,False,False,False
tO4Hrs,False,False,False
3K0mAT,False,False,False
vSk195,False,True,True
PWPrLj,False,False,False
ZloyE8,False,False,False
hR7Lor,False,False,False
mEFDva,False,False,False
CB0JXZ,False,True,True
uppxpX,False,False,False
7rcm4T,False,False,False
asY1Hy,False,False,False
ase4CF,False,False,False
6I6uI5,False,False,False
aZLaga,False,False,False
hmQV7h,False,False,False
GErduG,False,True,True
eaKtPF,False,False,False
VGnrk9,False,False,False
0r5fp6,False,False,False
Jiddmx,False,True,True
4TrMIy,False,False,False
1pqHEh,False,False,False
orE0Q9,False,False,False
SC036n,False,False,False
ifiWS3,False,False,False
5KrSTX,False,False,False
fYCiVN,False,False,False
Hzummu,False,True,True
i7WvGr,False,False,False
FcLLpI,False,False,False
DSt3Y0,False,False,False
e18PZO,False,False,False
NWXHpM,False,False,False
CSveeN,False,False,False
MgZxuN,False,False,False
scsYDh,False,False,False
RMA6uM,False,False,False
VN9gpX,False,False,False
hTNMaa,False,False,False
yRN4dJ,False,False,False
H0Xzrt,False,False,False
VVZOmC,False,False,False
2jR256,False,False,False
scSbeH,False,False,False
Go4jV9,True,False,True
yp0AtK,False,False,False
bVBv1s,False,False,False
dMcroE,False,False,False
vqjkqw,False,False,False
UnptN1,False,False,False
UUHK3y,False,False,False
cCxMq5,False,False,False
yQcxFn,False,False,False
LCFz7y,False,False,False
VZe7FW,False,False,False
nzu1JL,False,False,False
gjOJEt,False,False,False
c5UQGY,False,False,False
rI1lIM,False,False,False
uOW3xp,False,False,False
RA53LC,False,False,False
aJbeJK,False,False,False
lHhaN6,False,False,False
QVMRI8,False,False,False
0Vke3i,False,False,False
ZVh0lV,False,False,False
ML27rQ,False,False,False
8zanxd,False,False,False
Q4GB0W,False,False,False
MsSbSv,False,False,False
kNblkI,False,False,False
2mM3jW,False,False,False
sqjrvN,False,False,False
VRODsl,False,False,False
lfjtRi,False,False,False
5t9N2V,False,False,False
u28c7y,True,False,True
Wj6AbA,False,False,False
pknZYl,False,False,False
RlwWDK,False,False,False
UknYQU,False,False,False
yNhoDA,False,False,False
3acpJv,False,False,False
tqu2ML,False,False,False
PifW3P,False,False,False
JRdt1o,False,False,False
BnOxub,False,False,False
fwUv05,False,False,False
tQiv9q,False,False,False
TKxZIX,False,False,False
qeGyqo,False,False,False
Xi5Kqk,False,False,False
Tgn14L,False,False,False
0OXAfR,False,False,False
JQdBlq,False,False,False
fb5In7,True,False,True
dY71XB,False,False,False
GnIp6w,False,False,False
9jXA9A,False,False,False
UnJFv9,False,False,False
jfpuzN,False,False,False
KRtr1Y,False,False,False
6OSgp7,False,False,False
YWC6zg,False,False,False
LW0yDb,False,False,False
w1w61b,False,False,False
nea8xu,False,False,False
16E0Un,False,False,False
LtwE6p,False,False,False
XVrhoY,False,False,False
2PQoNR,False,False,False
wMkgjs,False,False,False
2eEmVV,False,False,False
XP5UTg,False,False,False
JQCerB,False,False,False
ikLHlw,False,False,False
DbpvTQ,False,False,False
QfFlHj,False,False,False
kzRHKU,False,False,False
BuwHQt,False,False,False
c3co3e,False,False,False
QUfmHT,False,False,False
GtQyxT,False,False,False
bzpMvl,False,False,False
ZTEAUh,False,False,False
98HDWT,False,False,False
PQSYhC,False,False,False
LnC7hm,False,False,False
usdeY2,False,False,False
2KnwPc,False,False,False
pv1iHw,False,False,False
baysgp,False,False,False
J3Sw1u,False,False,False
Sns501,False,False,False
0Z7hag,False,False,False
nbiwOJ,False,False,False
JyQFP0,False,False,False
8v2In3,False,False,False
QV5c6g,False,False,False
NM7pjC,False,False,False
mSL6nb,False,False,False
LCWT96,False,False,False
qXFbYz,False,False,False
oWWMJg,False,False,False
9mQehv,False,False,False
BXnPA5,False,False,False
a2gHnn,False,False,False
t7hgG6,False,False,False
tHIbfw,False,False,False
nksmrA,False,False,False
nuDiHg,True,False,True
Gbla6z,False,False,False
x72Ybo,False,False,False
wJE985,False,False,False
b4fUpm,False,False,False
i06rqA,False,False,False
yDosXs,False,False,False
yEtgcV,False,False,False
CkvtDe,False,False,False
f1CvHd,False,False,False
7CUDp7,False,False,False
mLXm8o,False,False,False
jheUBs,False,False,False
cLEF1f,False,False,False
1kjJ2A,False,False,False
n5MjDb,False,False,False
MQTf1x,False,False,False
5JE86l,False,False,False
54mGY7,False,False,False
pmSWiN,False,False,False
dOqauZ,False,False,False
g3lyqO,False,False,False
boKB6Y,False,False,False
JzVPTr,False,False,False
U2k994,False,False,False
VOnzfp,False,False,False
G8Ov66,False,False,False
gl7dE7,False,False,False
BJJ9bg,False,False,False
tQ61xz,False,False,False
hNXY8J,False,False,False
90Bz2k,False,False,False
Ki1lEV,False,False,False
5qxml5,False,False,False
zzaZcZ,False,False,False
UqjXRq,False,False,False
Bemo6u,False,False,False
TinYlU,False,False,False
OYcIfO,False,False,False
P8UW7N,False,False,False
Dn4tol,False,False,False
FsEtIX,False,False,False
G6J57K,False,False,False
KUSkoO,False,False,False
NZ17yX,False,False,False
oqImQK,False,False,False
gq3nrU,False,False,False
xIjQL6,False,False,False
WUPNEh,False,False,False
GjXFAn,False,False,False
d9HSnL,False,True,True
FUFGhk,False,False,False
v12ckw,False,False,False
T6IUyi,False,False,False
HIjqae,False,False,False
iJG80t,False,False,False
hD2IJu,False,False,False
ut8DNc,False,True,True
ji97UK,False,False,False
86ctM2,False,False,False
rUjPSO,False,False,False
5fIBSe,False,False,False
2x7wI9,False,False,False
69xivG,False,False,False
bfSYyW,False,False,False
25DA1d,False,False,False
MhWiAg,False,False,False
lFHP4A,False,False,False
RVVpIk,False,False,False
O6W0Ni,False,False,False
UUH2Co,True,True,True
bsZbMy,False,False,False
dbNXih,False,False,False
OwW5XH,False,False,False
Cue1ff,False,False,False
wVL7JM,False,False,False
ITfcZh,False,False,False
5eGqnX,False,False,False
YxSrRY,False,False,False
O7kbsi,False,False,False
ac9DLD,False,False,False
s7Dzkb,False,False,False
m9OV7M,False,False,False
LMkauD,False,False,False
Aw3rlj,False,False,False
4BVNUs,False,False,False
kra1t4,False,False,False
yvx96V,False,False,False
0ECuQ0,False,False,False
IYjuSE,False,False,False
hr4gWu,False,False,False
Xyw2l9,False,False,False
Iebdi9,False,False,False
fptHjo,False,False,False
xO1t8z,False,False,False
MgGRJz,False,False,False
Oii4mt,False,False,False
6uA8sd,False,False,False
TKOisr,False,False,False
jNo8Ro,False,False,False
JAyDjn,False,False,False
5vDHST,False,False,False
ZYR4Sk,False,False,False
29tXFG,False,False,False
0QMCd8,False,False,False
BS6HbU,True,False,True
Iab5cM,False,False,False
enX2os,False,False,False
AVI9Wg,False,False,False
r4MgmD,False,False,False
XvW76H,False,False,False
MaThOS,False,False,False
SKS5ga,False,False,False
J1w4wM,False,False,False
HQkOwp,False,False,False
36AvXz,False,False,False
XFFPmw,False,True,True
96juJx,False,False,False
6uMwVR,False,False,False
IOsnoi,False,False,False
nkoQGA,False,False,False
2pUNfC,False,False,False
iHfKme,False,False,False
xL1wlb,False,False,False
tw6YFJ,False,False,False
FQWKtb,False,False,False
9yBWna,False,False,False
Ft3LgW,False,False,False
C4wiQ5,False,False,False
ohxSuH,False,False,False
DD7ZoP,False,False,False
cVqtIw,False,False,False
k2pKiS,False,False,False
Ft4DKo,False,True,True
HFi6Oh,False,False,False
GMcvmS,False,False,False
jjhXY1,False,False,False
dlX2q5,False,False,False
rDK8cB,True,False,True
u2LYRU,False,False,False
uAIspC,False,False,False
6O8C0S,False,False,False
WcpCkX,False,False,False
5J0Ym2,False,False,False
pEtHZo,False,False,False
qx7h86,False,False,False
AKLvdN,False,False,False
GiJ47r,False,False,False
38wu9o,False,False,False
CuWJlj,False,False,False
SUGf7E,False,False,False
lIs3ok,False,False,False
X92UPH,False,False,False
wXoGqE,False,False,False
cCfY2j,False,False,False
YUC5sE,False,False,False
oXNX2B,False,False,False
LSso7n,False,False,False
ydg454,False,False,False
33VGQe,False,False,False
nlRo0u,False,False,False
qiYW6K,False,False,False
ou8jAl,False,False,False
2zbRTZ,False,False,False
FY38wf,False,False,False
BP4AOa,False,False,False
sctFyn,False,False,False
DOPIuX,False,False,False
WJ1cMu,False,False,False
Ir1HP3,False,False,False
7Z5FCP,False,False,False
LkD81J,False,False,False
fOrXoR,False,False,False
yXHp4e,True,False,True
rDTsP4,False,False,False
9NPKVD,True,False,True
u8GCCt,False,False,False
neBWpF,False,False,False
BZxLuZ,False,False,False
15snfi,False,False,False
VNdnNA,False,False,False
UOLzPF,False,False,False
KpISAl,False,False,False
CpZ3Rf,False,False,False
5Hzmgp,False,False,False
tWzR6X,False,False,False
YKVuGy,False,False,False
tKBH7i,False,False,False
haDioi,False,False,False
fmaLh6,False,False,False
7yXxPR,False,False,False
1azAzd,False,False,False
R6d0qG,False,False,False
TvJ7dF,False,False,False
4MDkgs,True,False,True
fIRST3,False,False,False
VvjwxN,False,False,False
KzYUIY,False,False,False
PRp8f4,False,False,False
2GbKBU,False,False,False
B9LV5e,False,False,False
9y81CP,False,False,False
Qz43q3,False,False,False
ucEhE7,False,False,False
epeYHl,False,False,False
x70ycK,False,False,False
blKx2Q,False,False,False
ohmRZR,False,False,False
EmWUbi,False,False,False
2Jcqub,False,False,False
lBtj0M,False,False,False
SFcEzt,False,False,False
KE9l9a,False,False,False
1K8Oeq,False,False,False
LcvLhL,False,False,False
wMPU8H,False,False,False
dYdksO,False,False,False
tzj6Zw,False,False,False
jnawVi,False,False,False
zuyQIG,False,False,False
NAUJRV,False,False,False
NSVPPd,False,False,False
G5XL4z,False,False,False
W8s7Bj,False,False,False
jvbfaH,False,False,False
rlYgnC,False,False,False
P2k8i7,False,False,False
zQ3LzH,False,False,False
NJdHJH,False,False,False
USuF4F,False,False,False
erDGup,False,False,False
1b4O3W,False,False,False
5iaHrt,False,False,False
IwlvH1,False,False,False
3j6K5v,False,False,False
kc5Ik7,False,False,False
mwby0l,False,False,False
MAGhRu,False,False,False
KrtUl1,False,False,False
s0j9fB,False,False,False
uzwfCE,False,False,False
e3i7Uf,False,False,False
DYe3Wx,False,False,False
RQ63R7,False,False,False
JlX3ku,False,False,False
X1ijKW,False,False,False
Xl3lka,False,False,False
Bs5Lbc,False,False,False
4NOp5R,False,False,False
9Bwjzs,False,False,False
FJVY6q,False,False,False
SA495I,True,False,True
f2jeSx,False,False,False
gJfpqH,False,False,False
8UZWO5,False,False,False
tBssKq,False,False,False
NSUQaW,False,False,False
PU1379,False,False,False
WxQqBQ,False,False,False
7RTgZS,False,False,False
SEPf1A,False,False,False
tfH7rQ,False,False,False
fjrE3m,False,False,False
DvMz5P,False,False,False
6uWrfu,False,False,False
2spLXp,False,False,False
0TwnGJ,False,False,False
nbkUHM,False,False,False
OvEWtg,False,False,False
d8fONC,False,False,False
A6TBlm,False,False,False
Po2g11,False,False,False
veZL3h,False,False,False
vC25fK,False,False,False
quCCTv,False,False,False
yq4C59,False,False,False
sYN9NE,False,False,False
CwSVXa,False,False,False
A5p0vF,False,False,False
Cj9WJ1,False,False,False
dpV4wh,False,False,False
j0PHLu,False,False,False
9OaSRF,False,False,False
YovTde,False,False,False
rAe8Yu,False,False,False
VXeElo,False,False,False
qcWQjk,False,False,False
tgfHfk,False,False,False
tZtwan,False,False,False
FfQTHd,False,False,False
68ih2X,False,False,False
5rzLye,False,False,False
EM0yPc,False,False,False
wpQI4Y,False,False,False
kXmmFI,False,False,False
mP1qDX,False,False,False
iBbAJo,False,False,False
5eHG6M,False,False,False
tXwOij,False,False,False
foyBGU,False,False,False
YoYdDB,True,False,True
wDttpg,False,False,False
dMWfag,False,False,False
PqXKOX,False,False,False
sjY4Cl,False,False,False
APQG9D,False,False,False
DOM1bA,False,False,False
6VVP4i,False,False,False
JrHY9e,False,False,False
NrjgIq,False,True,True
s03uVP,False,False,False
JW7NfD,False,False,False
yOKW0B,False,False,False
i7xpW4,False,False,False
VpuSpM,False,False,False
eWlBIQ,False,False,False
dQifBs,False,False,False
ZU3Nw1,False,False,False
cFZoom,False,False,False
A8nvah,False,False,False
4cOWKV,False,False,False
GdMFxW,False,False,False
BPTkrg,False,False,False
MFAHdz,False,False,False
b5Mwgr,False,False,False
oVLDjs,False,False,False
wxcZsB,False,False,False
MmHGcM,False,False,False
u1C3sW,False,False,False
tbDbZ0,False,False,False
RCEB0q,False,False,False
8uC4fi,False,False,False
YwQhzu,False,False,False
dynv8D,False,False,False
H5cQcR,False,False,False
eIC2FU,False,False,False
pKtM9N,False,False,False
3WjWQt,False,False,False
KTrLgu,False,False,False
nDVbL6,False,False,False
WDniHT,False,False,False
CdhYZE,False,False,False
hVzkDi,False,False,False
6hQrm2,False,False,False
MOFQ68,False,False,False
8owFsw,False,False,False
SFTy1u,False,False,False
1dW9PG,True,True,True
mLdy0X,False,False,False
j9oiuf,False,False,False
AtlsRG,False,False,False
cXZ2L1,False,False,False
yxZ01Q,False,False,False
FzlJVz,False,False,False
hZlSaT,False,False,False
mt1qwP,False,False,False
nu4vsz,False,False,False
sMG7t7,False,False,False
eTUwQa,False,False,False
OHbgOF,False,False,False
k42zzK,False,False,False
huyHmW,False,False,False
cEws6x,False,False,False
SeoUoE,False,False,False
jG5gdH,False,False,False
SySAHk,False,False,False
30Fmb0,False,False,False
ZFBXDA,False,False,False
L831dC,False,False,False
ZD2KPz,False,False,False
qcIayD,False,False,False
h4s01a,False,False,False
DhN3pQ,False,False,False
EIWTO2,False,False,False
BBHCF2,True,False,True
ksn3Ku,False,False,False
gApOSd,False,False,False
gFsCvC,False,False,False
24AjhH,False,False,False
IlO8a3,False,False,False
UWAo2N,False,False,False
lAScUf,False,False,False
xIfTx0,False,False,False
UXoLlv,False,False,False
XKJwPR,False,False,False
PctRYc,False,False,False
70LkHQ,False,False,False
HRTvFH,False,False,False
5YKaTa,False,False,False
avkoz0,False,False,False
mrGt7z,True,False,True
65gCju,False,False,False
pWfglN,False,False,False
OoNTvL,False,False,False
boRQG3,False,False,False
PMSChl,False,False,False
c3oPma,False,False,False
7epLYQ,False,False,False
vFftr1,False,False,False
rfXwVr,False,False,False
um7Zwo,False,False,False
x4Keuc,False,False,False
MH7lxQ,False,False,False
RAWy8h,False,False,False
4X8d80,False,False,False
t9Cobs,False,False,False
WFqSoR,False,False,False
Yp8njp,False,False,False
ZPfGqT,False,False,False
zwhjAp,False,False,False
I0JOJJ,False,False,False
ORhBye,False,False,False
ZfWMlL,False,False,False
rjs9Mx,False,False,False
bqdtTp,False,False,False
2xmzu7,False,False,False
pnEzZT,False,False,False
07h9w6,False,False,False
VUxMB2,False,False,False
cooPZd,False,False,False
zgdj0F,False,False,False
sWwMbm,True,True,True
BEuXO8,False,False,False
Dod5y1,False,False,False
TOjwSf,False,False,False
8ugvaE,True,False,True
bS3m4r,False,False,False
1MKphe,False,False,False
OMmrzV,False,False,False
uvlbgd,False,False,False
1H1feI,False,False,False
9WFT6o,False,False,False
uHQPje,False,False,False
6SKVny,False,False,False
q1e2Re,False,False,False
ZIlHOX,False,False,False
aUPokS,False,False,False
c9PfwJ,False,False,False
bPG68u,False,False,False
0WVvd0,False,False,False
JUDy3X,False,False,False
eABqvS,False,False,False
fwkfhL,False,False,False
k3hwhc,False,False,False
SYQyKk,False,False,False
CMjeGS,False,False,False
Tz472V,False,False,False
Na5Jvd,True,True,True
v85ogS,False,False,False
n4xHvL,False,False,False
SmvKOn,False,False,False
4c3emJ,False,False,False
ILqpGR,False,False,False
BIhDMw,False,False,False
6oSeDU,False,False,False
MgfQof,False,False,False
HcET9W,False,False,False
KxeicQ,False,False,False
FEjjot,False,False,False
rKrwxN,False,False,False
wgTrY6,False,False,False
xnbMWA,False,False,False
IVXwJ0,False,False,False
PEMlWg,False,False,False
n0aS7y,False,False,False
xGpzU6,False,False,False
CKzcWz,False,False,False
Ctho4p,False,False,False
ARVTS0,False,False,False
NG72K6,True,True,True
V6lQEU,False,False,False
fcpHcK,False,False,False
alJ7ae,False,False,False
q3vhOs,False,False,False
1Vf7fV,False,False,False
TqD6Wt,False,False,False
LNqvVZ,False,False,False
q8NNsC,False,False,False
PoT67y,False,False,False
hL2GFF,False,False,False
Ub3HTe,False,False,False
7EL0SE,False,False,False
eXw7Tg,False,False,False
u5Mscx,False,False,False
1ORs7E,False,False,False
wdGFn4,True,False,True
devchY,False,False,False
51fJbk,False,False,False
X8wwbg,False,False,False
gaUqkY,False,False,False
LDEuPY,False,False,False
McYNc0,True,False,True
SLithr,False,False,False
42uHcC,False,False,False
TGSS1x,False,False,False
8IRvan,False,False,False
7Ucwvq,False,False,False
HmcRmj,False,False,False
mDbLfB,False,False,False
4bECig,False,False,False
HMhzGo,False,False,False
taPd4h,False,False,False
i4lhfz,False,False,False
6YhyNZ,False,False,False
2Kuypm,False,False,False
XP46mS,False,False,False
xFq9q4,False,False,False
kHc7AP,False,True,True
jXq38Z,False,False,False
E11s8q,False,False,False
1hXwDE,False,False,False
tNBZmC,False,False,False
7lfNFL,False,False,False
dfuXbI,False,False,False
iCaODy,False,False,False
Vmgm1t,False,False,False
NKTl39,False,False,False
P08dcI,False,False,False
ke503c,False,False,False
xdmtLN,False,False,False
oT9CjW,False,False,False
v3tzA7,False,False,False
4Vd2eC,False,False,False
TB3mgp,False,False,False
FFXDHh,False,False,False
GQSaG3,False,False,False
s78e87,False,False,False
ObKdUE,False,False,False
AQ0cHB,False,False,False
CEsSuq,False,False,False
pIrmpv,False,False,False
qdI0Ne,False,False,False
dzE3lt,False,False,False
iAEyEM,False,False,False
J3gTa2,False,False,False
6zVvvp,True,True,True
p2QEI9,False,False,False
iw7lJa,False,False,False
QWwDmP,False,False,False
XgxwNL,False,False,False
lLNKil,False,False,False
QTRSgz,False,False,False
kpCEor,False,False,False
KOnjr1,False,False,False
QUtRTB,False,False,False
A8mzh2,False,False,False
5P8D9z,False,False,False
dVzMZH,False,False,False
KmWqF9,False,False,False
DrveE1,False,False,False
blon9o,False,False,False
taDdaA,False,False,False
oqIQJN,False,False,False
ZimnqO,False,False,False
H22IxM,False,False,False
qI045t,False,False,False
QunqQC,False,False,False
wrJYC0,False,False,False
Vt6AXL,False,False,False
U1HsY1,False,False,False
MP3mHe,False,False,False
iK1GeA,False,False,False
OAx2lM,False,False,False
c5uMNi,False,False,False
LKvCWH,False,False,False
mv8S4M,False,False,False
xJGKJG,False,False,False
XDQsZg,False,False,False
h4dSgz,False,False,False
dLwkwf,False,False,False
3XH2Vf,False,False,False
s8mSpY,False,False,False
zoUgZh,False,False,False
gW6BSQ,False,False,False
d3DDLw,False,False,False
sFcBfw,False,False,False
oIgDWS,False,False,False
6zxmzu,False,False,False
OBlDtr,False,False,False
UU2N6Q,False,False,False
LEAE7x,False,False,False
fIpfTT,False,False,False
0RQQyh,False,False,False
a4tZGR,False,False,False
8Keqfh,False,False,False
7T4qBq,False,False,False
mT6ZPx,False,False,False
dgod4z,False,False,False
RtRXuD,False,False,False
9g5qPt,False,False,False
1Pghei,False,False,False
Hdzi4n,False,False,False
8oZheL,False,False,False
71koph,False,False,False
W7yu5A,False,False,False
AlhrPh,False,False,False
H9mMep,False,False,False
RRk1eL,False,False,False
m7KieF,False,False,False
08GvnH,False,False,False
raUHB6,False,False,False
qaS7gG,False,False,False
WdbbK6,False,False,False
qYSFqh,False,False,False
H6VIf4,False,False,False
c1yCdz,False,False,False
ztPOvd,False,False,False
7BcHpX,False,False,False
2uuIFS,False,False,False
4y51cx,False,False,False
CPvvsl,False,False,False
Q7rukb,False,False,False
fshuf6,False,False,False
1V6r8w,False,False,False
8SJ6SV,False,False,False
kP0zw1,False,False,False
ahFEzz,True,False,True
KGDOmG,False,False,False
C4zboX,False,False,False
pJNwaG,False,False,False
5rYJ4n,False,False,False
EZtlW7,False,False,False
NI6n2q,False,False,False
d68O9z,False,False,False
9FabO9,False,False,False
gzlDq1,False,False,False
Aaoapt,False,False,False
vxXH2b,False,False,False
Us2i8q,False,False,False
1rOfSz,False,False,False
rqzJSQ,False,False,False
axuorH,False,False,False
hFDH8z,False,False,False
dVjQGC,False,False,False
2RlbGF,False,False,False
nK759a,False,False,False
bDMax4,False,False,False
vOH7EU,False,False,False
L1eRFc,False,False,False
Pgv8yb,False,False,False
D6ZtFo,False,False,False
nVrE4s,False,False,False
W1bvSW,False,False,False
UfQohA,False,False,False
J0EdX4,False,False,False
0gIiJ6,False,False,False
GVjGuN,False,False,False
YN35iA,False,False,False
ORsCnP,False,False,False
pQEWgk,False,False,False
iYR1Rc,False,False,False
FNAB9A,False,False,False
s1dZbP,False,False,False
H9BaAu,False,False,False
fw0Taj,False,False,False
HFnGv6,False,False,False
90qw8X,False,False,False
Ip8PH8,False,False,False
R4BFN6,False,False,False
ccq0v1,False,False,False
fXM2nc,False,False,False
APS29x,False,False,False
nmNMcU,False,False,False
s4vpPs,False,False,False
vzDKrB,False,True,True
SVKsUJ,False,False,False
zAXlmz,False,False,False
q3EEy4,False,False,False
bvA4VD,False,False,False
PUqOXt,False,False,False
WI8H2M,False,False,False
kOm8a3,False,False,False
cwS5Sw,False,False,False
eRP4mp,False,False,False
fxsTo3,False,False,False
sKpSCT,False,False,False
cmq7Ou,False,False,False
aHlZxf,False,False,False
6M42pW,False,False,False
NkmrD6,False,False,False
5xEKcS,False,False,False
a10gX3,False,False,False
YDl33J,False,False,False
y15KEy,False,False,False
2pU2Xp,False,False,False
BFHguq,False,False,False
rQHitI,False,False,False
0cjzNP,False,False,False
gUeizw,False,False,False
uA8a1F,False,False,False
Mdm0cX,False,False,False
fWqJFo,False,False,False
tW0n5j,True,True,True
FjuTlg,False,False,False
ByuL9y,True,False,True
FlaXGC,False,False,False
KOyTDo,False,False,False
STptTz,False,False,False
A2fPL4,False,False,False
4gTJZa,False,False,False
ABTiIC,False,False,False
2R7C3R,False,False,False
8fRk6O,False,False,False
7gF662,False,False,False
Ev6nDw,False,False,False
lT6OYA,False,False,False
YrcTcI,False,False,False
NZs6Vd,False,False,False
POPUvY,False,False,False
B8v2n4,True,False,True
Tvot76,False,False,False
r6pF4n,False,False,False
RmDhee,False,False,False
ZFglkz,False,False,False
zeuIyY,False,False,False
KYfazD,False,False,False
8ZS0LG,False,False,False
VyjH6F,False,False,False
8YzXsz,False,False,False
XMcuCC,False,False,False
Zowg2Q,False,False,False
XhI121,False,False,False
kv5Qmk,False,False,False
uUVklu,False,False,False
sk3rex,False,False,False
uMf3Cp,False,False,False
ZILzW3,False,False,False
vjNKMv,False,False,False
CDNN4p,False,False,False
1ctwGB,False,False,False
eBU82S,False,False,False
49OqwH,False,False,False
L4CUwH,False,False,False
uk8wlD,False,False,False
qhVyVx,False,False,False
MGTsjP,False,False,False
Ab3aEO,False,False,False
Tw3BdK,False,False,False
WSD3bY,False,False,False
540ky9,False,False,False
6ms6Pi,False,False,False
lQ55x0,False,False,False
U36PeB,False,False,False
IDbYpS,False,False,False
3DBC1i,False,False,False
cRttDe,False,False,False
3ztKtI,False,False,False
c88kmM,False,False,False
EjTlRb,False,False,False
ZJHyJa,False,False,False
3Zdqsl,False,False,False
sMOTiO,False,False,False
MNH3yX,False,False,False
fZGxsq,False,False,False
t4RSFu,False,False,False
CJzxh4,False,False,False
pe8JA2,False,False,False
8KklIp,False,False,False
plw8Bu,False,False,False
UXgxBg,False,False,False
BKU2SY,False,False,False
lud8v1,False,False,False
zRCn6U,False,False,False
QFEukK,False,False,False
vvdml4,False,False,False
S8Zpmj,False,False,False
yXTiwc,False,False,False
ComqZp,False,False,False
hnJeWM,False,False,False
K2xtXQ,False,False,False
msQGIk,False,False,False
re5Q1a,False,False,False
cPiRFl,False,False,False
HA490E,False,False,False
0z253U,False,False,False
WKRZPq,False,False,False
QZi2Rl,False,False,False
LsQKKP,False,False,False
G1lGSV,False,False,False
SqaZzv,False,False,False
oO7RXU,False,False,False
eiZMvG,False,False,False
j2qqIL,False,False,False
dl70Rd,False,False,False
lLH0g3,False,False,False
ZdIHH4,False,False,False
c6zYij,False,False,False
IXW6lR,False,False,False
DXSWva,False,False,False
rdG8JX,False,False,False
hjaIp6,False,False,False
JiYmmI,False,False,False
BgfWZ4,True,False,True
46b0hv,False,False,False
J2V6nX,False,False,False
XvWgDP,False,False,False
FPhWNT,False,False,False
DamIZo,False,False,False
rOxkFH,False,False,False
mdARES,False,False,False
g3S336,False,False,False
CnXlzM,False,False,False
bCukuA,False,False,False
WT6hQo,False,False,False
OorBWF,False,False,False
pZprN9,False,False,False
COiBII,False,True,True
M1WVzs,False,False,False
7un1d9,True,False,True
haElu2,False,False,False
B9l2Ws,False,False,False
hm5tII,False,False,False
KbRIGJ,False,False,False
ITonrA,False,False,False
iV5Zff,False,False,False
W0ZhB7,False,False,False
9Fg5NA,False,False,False
l7ks0J,False,False,False
zTWieC,False,False,False
4kEhI0,False,False,False
UaorwO,False,False,False
y4pGtF,False,False,False
chloPy,False,False,False
z4Birz,False,False,False
fPfwQF,False,False,False
s4o0Ai,False,False,False
pN2xhk,False,False,False
m69fME,False,False,False
s1KjXu,False,False,False
az9peH,False,True,True
sU1vm4,False,False,False
zMdJig,False,False,False
PkVQ3k,False,False,False
t80g8p,False,False,False
DeLV4F,False,False,False
iAcD4l,True,False,True
iULewS,False,False,False
iSbmSU,False,False,False
Xlyxji,False,False,False
60VRLB,False,False,False
BTZlxG,False,False,False
NM4cS1,False,False,False
4roRoY,False,False,False
XyE059,False,False,False
LBga5D,False,False,False
Q5wvrr,False,False,False
X7WG13,False,False,False
zE73PQ,False,False,False
onKEIO,False,False,False
F3GEpL,False,False,False
V7sMMu,False,False,False
LvCZJs,False,False,False
Q8mX7q,False,False,False
GXotUZ,False,False,False
QGJ1Ng,False,False,False
4ez2xz,False,False,False
wb5UQW,False,False,False
8u8tDK,False,False,False
IaQlQl,False,False,False
ewNSUq,True,True,True
GDbANF,False,False,False
Pi3DuX,False,False,False
Szg9Dp,False,False,False
u1peXF,False,False,False
VXcgvQ,False,False,False
ZsNxWf,False,False,False
a0CHdU,False,False,False
4MbEB5,True,False,True
YN8yZG,False,False,False
ZaK9zt,False,False,False
PcLk0r,False,False,False
06OVTe,False,False,False
HAEiVD,False,False,False
lGoSNW,False,False,False
DrOCVt,False,False,False
VrxJa3,False,False,False
knjvfP,False,False,False
odhOrD,False,False,False
3XNnqE,False,False,False
dfiv93,False,False,False
UqF7B7,False,False,False
isR6N8,False,False,False
I496gM,False,False,False
HZct5H,False,False,False
VqWWfk,False,False,False
atyKrm,False,False,False
BdtciX,False,False,False
RE7XJ0,False,False,False
DBaDfG,False,False,False
BR1r4M,False,False,False
MJo5ba,False,False,False
0EYgy0,False,False,False
HXAtzr,False,False,False
9MlOQf,False,False,False
hBikXF,False,False,False
JYh23c,False,False,False
oS1YCR,False,False,False
TeIPwc,False,False,False
WrX9yy,False,False,False
gp674X,False,False,False
SA7kXN,False,False,False
MSnGh5,False,False,False
sXGfZI,False,False,False
qr1c94,False,False,False
Gv1I54,False,False,False
fjITzw,False,False,False
c5tRkZ,False,False,False
wYnWJC,False,False,False
NYsHK2,False,False,False
158HSH,False,False,False
6tjGhf,False,False,False
84Pmc6,False,False,False
CAeBgY,False,False,False
9m49vf,False,False,False
k2Mzhf,False,False,False
a3nL1T,False,False,False
DTm6FI,False,False,False
PkdFhM,False,False,False
hBJ9pt,False,False,False
F8PPta,False,False,False
Bx9Au0,False,False,False
Fxheme,False,False,False
kHQwTn,False,False,False
lQ8zhX,False,False,False
CRWENv,False,False,False
aBFv0F,False,False,False
CjGMKy,False,False,False
g7tVIK,False,False,False
Px3lwu,False,False,False
Gool99,False,False,False
2rw5ly,False,False,False
zwsMyV,False,False,False
Yo8p1I,False,False,False
iGZQDn,False,False,False
Be6Hn5,False,False,False
eUyvlO,False,False,False
JC3zM7,False,False,False
JqUOuU,True,True,True
uTV9O5,False,False,False
Yskkha,False,False,False
FUnw1d,False,False,False
EhVpgv,False,False,False
m83n9F,False,False,False
2VMK0P,False,False,False
mKWsnY,False,False,False
AZybbY,False,False,False
1w3S16,False,False,False
Pdw0tM,False,False,False
aEnN3S,False,False,False
R7A3S7,False,False,False
ylNwvV,False,False,False
ylQ1vF,False,False,False
uuuSeh,False,False,False
C0laIa,False,False,False
xhOYKE,False,False,False
Dm6tyI,False,False,False
0HL0mO,False,False,False
jOilDx,False,False,False
h1z5NS,False,False,False
mLBOsm,False,False,False
WaUVEg,False,False,False
McIuJ2,False,False,False
oMINQU,False,True,True
cacLnS,False,False,False
NQZeNK,False,False,False
GnZoTc,False,False,False
pErwui,False,False,False
B0umou,False,False,False
1jobHC,False,False,False
xoQ54t,False,False,False
XnBwNS,False,False,False
3bdLaH,False,False,False
uDRasN,False,False,False
MbhWi9,False,False,False
pAEtN4,False,False,False
INhFGB,False,False,False
qQ0Saf,False,False,False
kih3SP,False,False,False
e3fhZV,False,True,True
8dGYZ8,False,False,False
nTB2aT,False,False,False
20NZsp,False,False,False
fG182q,False,False,False
bsbUJI,False,False,False
2MAENw,False,False,False
RCdrWF,False,False,False
UhkCn1,False,False,False
CgGo9V,False,False,False
4Sd33s,False,False,False
iK9tma,False,False,False
3kgDZE,False,False,False
bdYOg4,False,False,False
NipEnt,False,False,False
066HNQ,False,False,False
hNa8zQ,False,False,False
SabaJR,False,False,False
750aP3,False,False,False
JyvkTj,False,False,False
TnOSzg,False,False,False
Tp3mkc,False,False,False
KwOjxg,False,False,False
3AdZl0,False,False,False
smnFLX,False,False,False
qF0f9h,False,False,False
PuYxhn,False,False,False
HjooyO,False,False,False
dFfo2f,False,False,False
21Q8i1,False,False,False
xzl97b,False,False,False
0CN2X9,False,False,False
R3bTNt,False,False,False
7TAl11,False,False,False
sESneQ,False,False,False
Igg28q,False,False,False
E4uq4S,False,False,False
fqQIlN,False,False,False
xfKGgz,False,False,False
sQIMLg,False,False,False
y7X69W,False,False,False
T2PQ2Z,False,False,False
2pkx7N,False,False,False
2YvVYG,False,False,False
6Z4g7i,False,False,False
gXwLpm,False,False,False
JJtGso,False,False,False
KJRje5,False,False,False
4liFYc,True,False,True
aO7BQ2,False,False,False
8Ow8Du,False,False,False
vUXvrh,False,False,False
bCQ3sz,False,False,False
kmlgGB,False,False,False
E0CVCF,False,False,False
Ac3JG7,False,False,False
dqIjHE,False,False,False
R2v3nQ,False,False,False
ITAAOv,False,False,False
zWfpHm,True,False,True
td3GiG,False,False,False
lILnjo,False,False,False
7VcrIx,False,False,False
SrVU2t,False,False,False
WTGCw3,False,False,False
rL1TJG,False,False,False
RicjUs,False,False,False
JFVSdV,False,False,False
hLtGMV,False,False,False
ICOk6x,False,False,False
wpFC1c,False,False,False
CkIPwh,False,False,False
5wuApq,False,False,False
xeTkZP,False,False,False
tS3xny,False,False,False
doUpPW,False,False,False
BVLXDK,False,False,False
ZmcUgT,False,False,False
FoohjH,False,False,False
6GBMJ4,False,False,False
aaoXxb,False,False,False
GD7irz,False,False,False
ToTfjg,False,False,False
Xmnw3G,False,False,False
Omb9hf,False,False,False
QI5C6T,False,False,False
2v995u,False,False,False
yBGQTT,False,False,False
0mNCjI,False,False,False
y7xta4,False,False,False
bRa58f,False,False,False
v71vfh,False,True,True
9wgDsx,False,False,False
oUHs8Q,False,True,True
DtqLFb,False,False,False
C9LNL1,False,False,False
SQmEOM,False,False,False
DYtPMN,False,False,False
jNVNxF,False,False,False
PcwSxb,False,False,False
ya1Btz,False,False,False
c5e7ec,False,False,False
Gscdi4,True,True,True
xUzUeZ,False,False,False
HSL5TI,False,False,False
OHVti2,False,False,False
0L3XRH,False,False,False
98kcMa,False,False,False
JnTTZp,False,False,False
vfUs42,False,False,False
rqQkPa,False,False,False
S5E1VW,False,False,False
FhQJ7X,False,False,False
OPmLMV,False,False,False
iZDbkO,False,False,False
o3BTZN,True,False,True
WIXmlr,False,False,False
FbCTMM,False,False,False
LKz6BW,False,False,False
IxVdq4,False,False,False
RWky1I,False,True,True
o9v7Ns,False,False,False
1haWWJ,False,False,False
olrePn,False,False,False
l9Bk2l,False,False,False
AyANiO,False,False,False
RoLS2c,False,True,True
lHwhGK,False,False,False
Ffx6Je,False,False,False
TZadpC,False,False,False
JWdQbg,False,False,False
ywq3oC,False,False,False
e3eK5O,False,False,False
CVhpdP,False,False,False
BBwQZj,False,False,False
XdUBgX,False,False,False
yRV6qx,False,False,False
pMxntR,False,False,False
s1ATI7,False,False,False
m4A8un,False,False,False
js6Hrk,False,False,False
hzskL3,False,False,False
Qgl6FH,False,False,False
MQWilU,False,False,False
bsnzyg,False,False,False
N3geZc,False,False,False
n6loFR,False,True,True
EOfeHB,False,False,False
SUf7Hm,False,False,False
2rAG4F,False,False,False
AT6gok,False,False,False
MjnJAW,False,False,False
eVxVEZ,False,False,False
eyL6zF,False,False,False
2Hlw4o,False,False,False
br2fRW,False,False,False
27koCV,False,False,False
3Xno4S,False,False,False
6V2Mnx,False,False,False
SOULnq,False,False,False
tgaaYV,False,False,False
zXM1dx,False,False,False
oxEMnj,False,False,False
FwxFKl,False,False,False
t5l2PR,False,False,False
6PDdPL,False,False,False
WABhZi,False,False,False
BIWicW,False,False,False
qakOxn,False,False,False
TeRVQJ,False,False,False
KmthKD,False,False,False
k1zoSR,False,False,False
W0fbPS,False,False,False
YuEYRv,False,False,False
ZLSHZs,False,False,False
rrlod2,False,False,False
wvQiV4,False,False,False
tjLbiz,False,False,False
daTJsL,False,False,False
3iCa0t,False,False,False
gv6ePQ,False,False,False
kOiXOe,False,False,False
x8JS6h,False,False,False
aMJ1Aq,False,False,False
h2n6wh,False,False,False
qG4Dp3,False,False,False
MSbCRB,False,False,False
RKk3i1,False,False,False
OtzVzb,False,False,False
hIqo0p,False,False,False
CJimAR,False,False,False
692EGb,False,False,False
R2cLxv,False,False,False
Sj6250,False,False,False
yELAgZ,False,False,False
W7TGtI,False,False,False
FlmSAG,False,False,False
hFAteV,False,False,False
A0uYCl,False,False,False
AFM5Tv,False,False,False
HTv7mk,False,False,False
bU5BKF,False,False,False
bJqiAs,False,False,False
PD3pWD,False,False,False
IRGAvr,False,False,False
ojQTn2,False,False,False
lSOhMG,False,False,False
sIvUlU,False,False,False
YxtG0y,False,False,False
xeUhUJ,False,False,False
GyreW5,False,False,False
CTkDWW,False,False,False
aQ8wIt,False,False,False
37beGm,False,False,False
x8tZtY,False,False,False
o4etOR,False,False,False
vhuwX1,False,False,False
Yv2yui,False,False,False
GwMhuN,False,False,False
f8ER9G,False,False,False
RjnSwF,False,False,False
hTGRsW,False,False,False
bnnB4h,False,False,False
6uzWI3,False,False,False
Rm5Kgc,False,False,False
zXYK6M,False,False,False
o7BfhA,False,False,False
lblXXW,True,False,True
qZg4ih,False,False,False
M4cLNC,False,False,False
9MMjDJ,False,False,False
uRZIk4,False,False,False
QNGd27,False,False,False
X3ivi1,True,False,True
3NYg2M,False,False,False
17p4ID,False,False,False
EBMUlr,False,False,False
d6U39n,False,False,False
n3jB2L,False,False,False
UprzoV,False,False,False
qf6G8s,False,False,False
pcftMw,False,False,False
6YXz0L,False,False,False
uMWeLJ,False,False,False
hEE3dG,False,False,False
k5FCHD,False,False,False
vMKBLV,False,False,False
CSQZGk,False,False,False
IFrFez,False,False,False
NDmXSg,False,False,False
Kwp547,False,False,False
KledL0,True,False,True
poRm07,False,False,False
h6vuKB,False,True,True
OndIOw,False,False,False
HykA0h,False,False,False
dYp3PY,False,False,False
W7zY8z,False,False,False
6EAd7C,False,False,False
vSMMwV,False,False,False
CrMXLs,False,False,False
XgrzyE,False,False,False
etctp0,False,False,False
VnVCmk,False,False,False
XU0jN7,False,False,False
vFaSup,False,False,False
5iALk0,False,False,False
MnBjpV,False,False,False
sYXT7H,False,False,False
9p94aN,False,False,False
4tiizU,False,False,False
cBE0Bc,False,False,False
xqCNbJ,False,False,False
YILhwV,True,True,True
KwwREo,False,False,False
wzbmBZ,False,False,False
wILs64,False,False,False
COblEU,False,False,False
fjWVfC,False,False,False
ZYH3sO,False,False,False
7nvDz5,False,False,False
hHNmI5,False,False,False
Hz0PFy,False,False,False
SZedMS,False,False,False
Kga7at,False,False,False
feTurN,False,False,False
1Kxyc0,False,False,False
LZSAHP,False,True,True
0RLolM,False,False,False
hiVrDM,False,False,False
pfIK2S,False,False,False
jpHjLU,False,False,False
00n2rx,False,False,False
fvUtrQ,False,False,False
oFEEpy,False,False,False
ssSIgO,False,False,False
NT9riU,False,False,False
BcgiZy,False,False,False
7K1jOE,False,False,False
zie02K,False,False,False
zXBjAh,False,False,False
6PCK2M,False,False,False
w4lTZn,False,False,False
iN9SBo,False,False,False
JGea6I,False,False,False
HVIopT,False,False,False
pdhpH9,False,False,False
dPY8DK,False,False,False
JWuHZ4,False,False,False
77miHv,False,False,False
9o6Rfg,False,False,False
0gPYJn,False,False,False
2c3OiA,False,False,False
vwRMsF,False,False,False
3qFSjn,False,False,False
UmAUMF,False,False,False
0gHl7w,False,False,False
xWbEl0,False,False,False
VLsOaP,False,False,False
uZ0ogh,False,False,False
8CM9cX,False,False,False
DDKsEh,False,False,False
o4nkKR,False,False,False
tcEP33,False,False,False
SiAkq4,False,False,False
4PCrA0,False,False,False
cURJsW,False,False,False
KVQWnl,False,False,False
ts8yOM,False,True,True
cNiyN9,False,False,False
BWVyfP,False,False,False
0hjs8V,False,False,False
wFp8aJ,False,False,False
3CgGcJ,False,False,False
yUEWmo,False,False,False
OL6IuN,False,False,False
u6r4lH,False,False,False
gNv7Xi,False,False,False
YjgIro,False,False,False
cfO7KF,False,False,False
i9O0MC,False,False,False
DxmKik,False,False,False
hlA7lD,False,False,False
blQi3e,False,False,False
3s41wR,False,False,False
GZEUgF,False,False,False
w8j0yy,False,False,False
PHFitT,False,False,False
bm7x8W,False,False,False
qOXzmO,False,False,False
ymK65j,False,False,False
9SGaFK,False,False,False
eJnQn4,False,False,False
7XkqBR,False,False,False
5mF4PJ,False,False,False
oZtPMs,False,True,True
n4iSNw,False,False,False
SE8642,False,False,False
GFXygS,False,False,False
JGWgz8,False,False,False
YzyxNa,False,False,False
IiCMma,False,False,False
N0oPhc,False,False,False
HDs895,False,False,False
Z241d9,False,False,False
ppa5zm,False,False,False
vivvC2,False,False,False
ViZ3p0,False,False,False
MgUh9K,False,False,False
rEvYvn,False,False,False
UDJCoJ,False,False,False
csqarY,False,False,False
9vqsSK,False,False,False
P9eGmw,False,False,False
aIFBDx,False,False,False
EPaemq,False,False,False
zxUb19,False,False,False
W22NHk,False,False,False
1uo0Q6,False,False,False
EhPGPS,False,False,False
c2B7q9,False,False,False
8BHIVx,False,False,False
bTCKIc,False,False,False
zFOvlg,False,False,False
p2WnbH,False,False,False
8lwf1O,False,False,False
acacst,False,False,False
AfsC6g,False,False,False
GTmcya,False,False,False
rJnOns,False,False,False
g8dK72,False,False,False
ydxSah,False,False,False
XpLx6b,False,False,False
ZJBdfi,False,False,False
PQdVbe,False,False,False
VwhOak,False,False,False
f79JdW,False,False,False
3Ten71,False,False,False
A07XSA,False,False,False
SyHBWD,False,False,False
ALxKv2,False,False,False
BMtNIN,False,False,False
p7Ltyv,False,False,False
rBz9Dk,False,False,False
qr7F6y,True,False,True
82ntXB,False,False,False
MoyRB6,False,False,False
0yScFn,False,False,False
O05X9r,False,False,False
tuPXr2,False,False,False
2ZKYQ5,False,False,False
OQ4Nmf,False,False,False
lpZkRD,False,False,False
PDe0Wy,False,False,False
8uIW58,False,False,False
CkaKIv,False,False,False
JKrpOH,False,False,False
PJvdDr,False,False,False
bvrdg0,False,False,False
hIbGYB,False,False,False
6fMCLp,False,True,True
TU7fUv,True,False,True
1SOLbE,False,False,False
4V3FmF,False,False,False
OzPsE2,False,False,False
5m87eg,False,False,False
5Wg4to,True,False,True
3WBeSo,False,False,False
zjjnNR,False,False,False
pSoZ9Y,False,False,False
3Wwsxb,False,False,False
jO9HiB,False,False,False
grz4Ng,False,False,False
b8ycJW,False,False,False
JCHger,False,False,False
rbQMv7,False,False,False
3BNnYY,False,True,True
EKB8hT,False,False,False
vQ00rb,False,True,True
LOFDyW,False,False,False
3c1h1J,False,False,False
NwKKOg,False,False,False
EaBCKq,False,False,False
A2VwU4,False,False,False
qMkMZS,False,False,False
cZoOU5,False,False,False
i6YiQF,False,False,False
bboRCS,False,False,False
vYWnEV,False,False,False
M2srvs,False,False,False
3aSj7S,False,False,False
Yi3wtE,False,False,False
PBErcJ,False,False,False
NMyFEF,False,False,False
fsvs6e,False,False,False
upOkgd,False,False,False
d861TP,False,False,False
MxJM7p,False,False,False
x4z0OS,False,False,False
6uJgjD,False,False,False
ifFSxi,False,False,False
31B55d,False,False,False
nStmb7,False,False,False
jTj97w,False,False,False
8dsUT0,False,False,False
WAsnax,False,False,False
ekDvSi,False,False,False
KQe7Lo,False,False,False
t09vVi,False,False,False
b0Xadt,False,False,False
wflE61,False,False,False
Xs8H8b,False,False,False
khU7og,False,False,False
95WhPZ,False,False,False
r7MuwN,False,False,False
lzhEJb,False,False,False
Xdc3Vf,False,False,False
lBplEn,False,False,False
vrifCR,False,False,False
kWISOY,False,False,False
Hs6VfM,False,False,False
NE1LTt,False,False,False
elM0TH,False,False,False
vs7Ijw,False,False,False
dKmqHR,False,False,False
Z3mqSJ,False,False,False
PSMCNc,False,False,False
b5f6m1,False,False,False
Tnsnnd,False,False,False
jckPlJ,False,False,False
7oWV7U,False,False,False
OFskH1,False,False,False
RjHpJr,False,False,False
WgdU3Q,False,False,False
F9722s,False,False,False
hUPdsJ,False,False,False
8a52f0,False,False,False
VUn6Kq,False,False,False
WnzrCE,False,False,False
AQJmx5,False,False,False
vRsaS2,False,False,False
zoqPwe,False,False,False
QlqIV1,False,False,False
EwZPJR,False,False,False
Yzi779,False,False,False
GLxnsT,True,False,True
1LW7Dk,False,False,False
x1r99W,False,False,False
qX5Oil,False,False,False
4JtNlw,False,False,False
CZAYKD,False,False,False
2UlJkP,False,False,False
yGakCl,False,False,False
1vzJ3S,False,False,False
ihtpF1,False,False,False
4W5x9G,False,False,False
n1n4y5,False,False,False
NEMLj1,False,False,False
tcQt0K,False,False,False
BjPa6V,False,False,False
ptxcG0,False,False,False
HIRu4G,False,False,False
J7Dhkp,False,False,False
rxcJvT,False,False,False
ah7Ovy,False,False,False
t0cBM9,False,False,False
gUtJ6v,False,False,False
X6nOFF,False,False,False
VPUic5,False,False,False
lhCWpA,False,False,False
pbLrAz,False,False,False
QKLQTX,False,False,False
VgEEiB,False,False,False
n0RFjf,False,False,False
1xEy0n,False,False,False
SV3mms,False,False,False
kqzG8r,False,False,False
bc59OD,False,False,False
eJoIYw,False,False,False
Hp1Nha,False,False,False
7ggTmC,False,False,False
cdeGWf,False,False,False
5pPQEn,False,False,False
HMTj1k,False,True,True
zhJXpp,False,False,False
EFiwst,False,False,False
64TdFu,False,False,False
KSBVBJ,False,False,False
GTy9mb,False,False,False
WLq6vw,True,False,True
DoJud4,False,False,False
1x1HjT,True,False,True
yyyedK,False,False,False
WgqybC,False,False,False
2ZgRju,False,False,False
JnD2Ec,False,False,False
N3RHa7,False,False,False
wnL6nI,False,False,False
YejF96,False,False,False
khOnM0,False,False,False
HPb5ib,False,False,False
vOcyx8,False,False,False
8Z4Os6,False,False,False
NVxpmS,False,False,False
rCAdKj,False,False,False
9A6R4S,False,False,False
DY9yJz,False,True,True
nEv4cj,False,False,False
3UD8DB,False,False,False
G2D8j1,False,False,False
TZ2X4W,False,False,False
XEom07,False,False,False
eYKQDP,False,False,False
goydmZ,False,False,False
jY58Jn,False,False,False
KIhdud,False,False,False
gwlmJR,False,False,False
0nAVfC,False,False,False
H6QrOe,False,False,False
5mxtDW,False,False,False
qxR6Tu,False,False,False
pX51TM,False,True,True
4saLP0,False,False,False
bCAkkH,False,False,False
KumoyK,False,False,False
ywAOS1,False,False,False
7vFmNU,False,False,False
pDbV4M,False,False,False
v0wo6V,False,False,False
hNH45x,False,False,False
R6DhEJ,False,False,False
0jN8iR,False,False,False
iA7SK0,False,False,False
Ff26B5,False,False,False
wuoKIE,False,False,False
m4lrPO,False,False,False
eQb9Et,False,False,False
fPwtnA,False,False,False
Sw1Thj,False,False,False
vYO9mf,False,False,False
v0gFTh,False,False,False
xjaGSm,False,False,False
OZl7WS,True,True,True
vVQYvF,False,False,False
eSvEdR,False,False,False
2vJI3y,False,False,False
X7ZLh6,False,False,False
Cmwlub,False,False,False
X4wQZu,False,False,False
ZJsXZv,False,False,False
D4Djif,False,False,False
JB33Fu,True,False,True
gOBO2v,False,False,False
kTYYEi,False,False,False
epUILk,False,False,False
9EMPFu,False,False,False
fzOgyF,True,False,True
lgNLxh,False,False,False
uWjUtc,False,False,False
0wnVUd,False,False,False
hlLYqV,False,False,False
HcjhrT,False,False,False
u3a0Ma,False,False,False
1RQmRc,False,False,False
UUgso3,False,False,False
k0NqoC,False,False,False
ng0mUP,False,False,False
fROjo4,False,False,False
CDnZXl,False,False,False
kbCOdL,False,False,False
7zKaUZ,False,False,False
N46ETI,False,False,False
h4gt88,False,False,False
zqIcup,False,False,False
ocO29x,False,False,False
CUU5A0,False,False,False
yAAnX8,False,False,False
OPraI7,False,False,False
DtFG2b,False,False,False
Chyuzy,False,False,False
73wuXY,False,True,True
ka4F8W,False,False,False
IReTj9,False,False,False
0X9ecg,False,False,False
McbUEn,False,False,False
LxNOsg,False,False,False
3jqefc,False,False,False
jrpjD0,False,False,False
a0HVnb,False,False,False
RaFIIl,False,False,False
fTeojM,False,False,False
CzTLzm,False,False,False
78m1jh,False,False,False
j1JUSz,False,False,False
PkMQkB,False,False,False
Cd3cY3,False,False,False
fQ8Hyd,False,False,False
TTtxAJ,False,False,False
3mrISn,False,False,False
0wC02i,False,True,True
mL6ZKw,False,False,False
kDUZBj,False,False,False
AzQ6QO,False,False,False
H0GvES,False,False,False
AHvZ4G,False,False,False
P0sZNt,False,False,False
DXfqmr,False,False,False
4kfxPl,False,False,False
UwSiVk,False,False,False
anYWhv,False,False,False
281kgF,False,False,False
xA111Z,False,False,False
Mn5tiU,False,False,False
QGJpVx,False,False,False
KTsMBp,False,False,False
z1uq2e,False,False,False
84kQR0,False,False,False
6y2XLs,False,False,False
Jw4p8Q,False,False,False
ArTqqs,False,False,False
fS3cKc,False,False,False
ZrNYXe,False,False,False
4A1Tt9,False,False,False
lvCfDg,False,False,False
fXv8Re,False,False,False
pnvSzO,False,False,False
jgDoHV,False,False,False
Lwspx6,False,False,False
zb6rSk,False,False,False
jKdmye,False,False,False
KuN0tt,False,False,False
DdgDQd,False,False,False
RJ5Pz7,False,False,False
zgCnUW,True,False,True
G6e8Hg,False,False,False
gc9q9V,False,False,False
JOZokT,False,False,False
Kbym9A,False,False,False
UrZvqp,True,False,True
7viQJH,False,False,False
02WVyX,False,False,False
yF3XaW,False,False,False
39xINw,False,False,False
5HaTG9,False,False,False
OtaHf8,False,False,False
YWwYeh,False,False,False
w9bGlo,True,False,True
WElPn6,False,False,False
0jUpsw,False,False,False
piDyhC,False,False,False
18X0cl,False,False,False
bfg0bG,False,False,False
sUEnGv,False,False,False
MqFQCb,False,False,False
PKpjwj,False,False,False
YtLfWG,False,False,False
wk4cHj,False,False,False
W9Zqnf,False,False,False
uKXS2v,False,False,False
GV6RJR,False,False,False
U4bh3d,False,False,False
9L6qGd,False,False,False
rzgAVn,False,False,False
RZ2wEg,False,False,False
tO2TXw,False,False,False
mrkMnI,False,False,False
VmthaU,False,False,False
TUc60B,False,False,False
igz0GC,False,False,False
jJ6mKi,False,True,True
1DoEC2,False,False,False
gJX9NP,False,False,False
5qSu22,False,False,False
xOUubn,False,False,False
FnHp92,False,False,False
NdUMBm,False,False,False
hbRugh,False,False,False
pA9vxQ,False,False,False
tzFNS6,False,False,False
0NdsxI,False,False,False
rWCQQr,False,False,False
YYbbCS,False,False,False
JDrc7D,False,False,False
rvbvQ1,True,False,True
Uo8P6l,False,False,False
KL9XMK,False,False,False
et2QyM,False,False,False
0HYflm,False,False,False
KKHmYi,False,False,False
llkmjO,False,False,False
nmvfLa,False,False,False
Y2iBB7,False,False,False
tXPrTV,False,True,True
R6Poxo,False,False,False
ztZ1ci,False,False,False
gGwbXp,False,False,False
FSglnf,False,False,False
FnIkyj,False,False,False
qFX5Xw,False,False,False
rNDk5P,False,False,False
YEzuQ6,False,False,False
LakzaQ,False,False,False
bo3lE6,False,False,False
vox2MA,False,False,False
BWRCBc,False,False,False
X1EpkX,False,False,False
VgQyeL,True,True,True
ifLaqb,False,False,False
QNk2GU,False,False,False
Gc3Czn,False,False,False
kgyNxH,False,False,False
DTEEdf,False,False,False
H3QnhY,False,False,False
Mkt214,False,False,False
Yl7uIN,False,False,False
yQhV3R,False,False,False
nS5vl0,False,False,False
S48kvZ,False,True,True
4uv2IE,False,False,False
V8TCbZ,False,False,False
IorMFK,False,False,False
mP2er2,False,True,True
osrizw,False,False,False
s0AgxM,False,False,False
BDyDnt,False,False,False
3ebZBZ,False,False,False
9n5y8c,False,False,False
ax49EG,False,False,False
wAV66F,False,False,False
dch3GC,False,True,True
rZ72Ie,False,False,False
wE4VI5,False,False,False
O7qnoz,False,False,False
6oL9xY,False,False,False
lZV2Zp,False,False,False
9xNVrU,False,False,False
71Zzzt,False,False,False
03HFXz,False,False,False
iXXpko,False,False,False
EVPatN,False,False,False
JEsgwM,False,False,False
yt6ZZH,False,False,False
y7tJnL,False,False,False
pdU7Cb,False,False,False
iznCkd,False,False,False
L2Xrfx,False,False,False
5VRUVr,False,False,False
g2SpU0,False,False,False
o7cW9e,False,False,False
tNhJWw,False,False,False
2au0Si,False,False,False
UPPc0n,False,False,False
skIY8b,False,False,False
YBjT0i,False,False,False
poVxtE,False,False,False
0qYQ3Y,False,False,False
Z3O2nX,False,False,False
FrXIdZ,False,False,False
cp5Ew6,False,False,False
MsIRRq,False,False,False
R4ncj8,False,False,False
BuxqLS,False,False,False
i93pVR,False,False,False
lCs3K2,False,False,False
j8RlUk,False,False,False
QVVa92,False,False,False
6veCWV,False,False,False
kzsB8j,False,False,False
fH0lNm,False,False,False
36FJj1,False,False,False
PXZQTc,False,False,False
uHHmLK,False,False,False
ogHxxy,False,False,False
B0mMsW,False,False,False
5ja4tI,False,False,False
P28GPZ,False,False,False
jtSkSx,False,False,False
NG6n5h,False,False,False
24sKNu,False,False,False
3QcOcR,False,False,False
eJIyr1,False,False,False
6oWyxp,False,False,False
FhSvUK,False,False,False
V6KTcc,False,False,False
swTcTZ,False,False,False
VGhRnr,False,False,False
EjJ23e,False,False,False
WDhPm4,False,False,False
nm6zvk,False,False,False
FHazoZ,False,False,False
NhAYgr,False,False,False
zaKfzC,False,False,False
4GQreP,False,False,False
8OiYws,False,False,False
hjCLcr,False,False,False
FUbNVG,False,False,False
wPRX7k,False,False,False
9Lz2so,False,False,False
QL9B88,False,False,False
s8nonG,False,False,False
i25WeG,False,False,False
I6mfd8,False,False,False
LbPeVL,False,False,False
HjbQ0D,False,False,False
AtoDOL,False,False,False
2I5kAs,False,False,False
vJSxlf,False,False,False
UWQmAu,False,False,False
TDHvpQ,False,False,False
ftnaXU,True,False,True
BOKZvK,False,False,False
2ImLUl,False,False,False
4GEKzH,False,False,False
IuHPWg,False,False,False
iOSeEu,False,False,False
tG2Wl0,False,False,False
85fNA5,False,False,False
uZBcQk,False,False,False
IEKRZZ,False,False,False
EdLKGA,False,False,False
ckFD3i,True,False,True
O3Oypd,False,False,False
WsgRP5,False,False,False
9vYmaL,False,False,False
I79psc,False,False,False
rYEH4u,False,False,False
SnXD7d,False,False,False
jIVeqm,False,False,False
B04yCG,False,False,False
gUpEqG,False,False,False
9fDWpR,False,False,False
Uu6wwk,False,False,False
wVww7x,False,False,False
P9d6QO,False,False,False
81cE8B,False,False,False
KF83bA,False,False,False
BhEKWq,False,False,False
UHvnyB,False,False,False
I8IHnt,False,False,False
qoXD9K,False,False,False
l513Du,False,False,False
8nZSAf,False,False,False
NRYcFs,False,False,False
4YPTXo,False,False,False
XJv2bt,False,False,False
C3kNNE,False,False,False
7gjwqt,False,False,False
gObbZ8,False,False,False
7hBSEa,False,False,False
8xAdjC,False,False,False
JUcKO2,False,False,False
qv76Be,False,False,False
RFKgQ7,False,False,False
UReCYn,True,False,True
tHMZVB,False,False,False
QFDSep,False,False,False
yKUA5P,False,False,False
CDF8hc,False,False,False
IOl3cv,False,False,False
KA4qW7,False,False,False
oyjYnJ,False,False,False
BBVF3x,False,False,False
Z6Ol0R,False,False,False
k8aM69,False,False,False
OYQ6Hb,False,False,False
BATU8V,False,False,False
DIjDoM,False,False,False
33f2Ao,False,False,False
yUmeUA,False,False,False
fmNCYc,False,False,False
07DGaD,False,False,False
K6CtNl,False,False,False
SjPtQu,False,False,False
OXEppG,False,False,False
4EjpZZ,True,False,True
nv5gHQ,False,False,False
Lcoc4L,False,False,False
duO3I9,False,False,False
Hd7Ptq,False,False,False
sUKAUv,False,False,False
lFWwPG,False,False,False
pafo2k,False,False,False
MXZuhu,False,False,False
2KfaGM,False,False,False
pZcQcf,False,False,False
SvlOsB,False,False,False
x35IiS,False,False,False
PnnAdy,False,False,False
t0JW1G,False,False,False
9m1esC,False,False,False
KJeSGM,False,False,False
IiIMhe,False,False,False
RASWgN,False,False,False
wVoQ9S,False,False,False
qWI4tE,True,False,True
CQOTnu,False,False,False
0z8J3k,False,False,False
pUyitC,False,False,False
20V4v6,False,False,False
pNtSD1,False,False,False
LBD1U6,True,False,True
RyDdC2,False,False,False
rHEtHq,False,False,False
c81dyw,False,False,False
qPMhnu,False,False,False
yOwjoJ,False,False,False
l2keZW,False,False,False
qfbtcg,False,False,False
En9J6l,False,True,True
UEHI4E,False,False,False
iqQsXg,False,False,False
X1ASdf,False,False,False
mvzWIJ,False,False,False
4dHcdU,False,False,False
WZQnYP,False,False,False
D1EBy1,False,False,False
IvS2UH,False,False,False
yv1DRG,False,False,False
5pe5EN,False,False,False
rbNHlr,False,False,False
paNYRw,False,False,False
MKtIPR,False,False,False
VkDjzM,False,False,False
YNNnMH,False,False,False
yGAcJQ,False,False,False
OT7UXX,False,False,False
dtoE2y,False,False,False
NWKfDF,False,False,False
xVbwrd,False,False,False
DRfpvy,False,False,False
95x5Td,False,False,False
b47tyf,False,False,False
A8lX6h,False,False,False
VnjNo3,False,False,False
lLiKki,False,False,False
V1KxIE,False,False,False
aQHuxN,False,False,False
jUSBFl,False,False,False
dqZlWY,False,False,False
Ul1oLF,False,False,False
cO6bDx,False,False,False
3JKP99,False,False,False
q2YSlk,False,False,False
NlUkhb,False,False,False
mGlUc5,False,False,False
MSwGkJ,False,False,False
EMjs5D,False,False,False
qlprU2,False,False,False
LJcWkz,False,False,False
4VvBdh,False,True,True
kQpFRG,False,False,False
K3II3H,False,False,False
rm1Fru,False,False,False
mAHZPB,False,False,False
aOthdn,False,False,False
YiPk0e,False,False,False
itd48P,False,False,False
jHiBK9,False,False,False
xv0J1X,False,False,False
L0WWHw,False,False,False
6tpSAj,True,True,True
adYwPK,False,False,False
1DYPDU,False,False,False
gVdtF6,False,False,False
zAZgkV,False,False,False
s8ie2O,False,False,False
uyzG68,False,False,False
qe2HRD,False,False,False
OEFmPC,False,False,False
BKcCRp,False,False,False
NW8UV4,False,False,False
14IA4A,False,False,False
cUJcEV,False,False,False
jdtk8G,False,False,False
d2Efvo,False,False,False
XFqknv,False,False,False
XJuZ7E,False,False,False
VvB4rD,False,False,False
Pyrl3I,False,False,False
x0OoHH,False,False,False
Q4fo9l,True,True,True
Q6uSl4,False,False,False
MBnNaa,False,False,False
THhTXk,False,False,False
D48te1,False,True,True
R8gJWY,False,False,False
MQD0PF,False,False,False
RVAZlH,False,False,False
wWEcd7,False,False,False
7nmnL3,False,False,False
nzVfEH,False,False,False
XIxDtu,False,False,False
iizviK,False,True,True
JX6HrV,False,False,False
zOEYn9,False,False,False
CqsUem,False,False,False
yMJCJ6,False,False,False
vrz4W9,False,False,False
yY2iit,False,False,False
kr0LdM,True,False,True
9dFRMq,False,False,False
sGF4Eo,False,False,False
9McP9b,False,False,False
bjXxJi,False,False,False
PQtcMz,False,False,False
tUsgQQ,False,False,False
Sxk975,False,False,False
TcM3Gk,False,False,False
fmLrzl,False,False,False
CD9SoT,False,False,False
